filename,cloud_cover_GT,cloud_cover_fixed,cloud_cover_hybrid
0001,0.3405944444444444,0.6646527777777778,0.2827027777777778
0002,0.6347972222222222,0.6807194444444444,0.6144
0003,0.679475,0.7527805555555556,0.6509694444444445
0004,0.693075,1.0,0.5015277777777778
0005,0.6227527777777778,0.9710055555555556,0.44981666666666664
0006,0.39398333333333335,0.7334194444444444,0.5528638888888889
0007,0.6968111111111112,0.8286722222222223,0.6864138888888889
0008,0.3427972222222222,0.6578027777777777,0.5057638888888889
0009,0.6812583333333333,0.6807194444444444,0.6144
0010,0.7265,0.8289583333333334,0.6827166666666666
0011,0.5998777777777777,0.8168805555555556,0.6139333333333333
0012,0.2885083333333333,0.29743888888888886,0.27834722222222225
0013,0.4595611111111111,0.5094666666666666,0.4561027777777778
0014,0.8220805555555556,1.0,1.0
0015,0.5941777777777778,0.6321277777777777,0.5377361111111111
0016,0.3091083333333333,0.29743888888888886,0.27834722222222225
0017,0.5725388888888889,0.768425,0.5773277777777778
0018,0.6758361111111111,0.8473388888888889,0.605
0019,0.7066055555555556,0.9336666666666666,0.6276916666666666
0020,0.4741694444444444,0.47972777777777775,0.4580472222222222
0021,0.7236166666666667,0.670925,0.2866111111111111
0022,0.5701472222222222,0.8139305555555556,0.3640805555555556
0023,0.48126944444444447,0.47972777777777775,0.4580472222222222
0024,0.6878666666666666,0.912825,0.46249444444444443
0025,0.6858916666666667,0.9543444444444444,0.4993166666666667
0026,0.5714083333333333,0.9778055555555556,0.35508055555555557
0027,0.6637416666666667,0.9931694444444444,0.3096583333333333
0028,0.5486583333333334,0.5871,0.4242722222222222
0029,0.5667638888888888,0.7450972222222222,0.4850611111111111
0030,0.70415,0.8703166666666666,0.5442416666666666
0031,0.717325,0.9339111111111111,0.5811972222222223
0032,0.8075222222222223,0.9591638888888889,0.5951361111111111
0033,0.7082444444444445,0.9873388888888889,0.4948111111111111
0034,0.8609277777777777,0.9961,0.27866111111111114
0035,0.47828055555555554,0.5712805555555556,0.3857
0036,0.46099444444444443,0.7647666666666667,0.295725
0037,0.4288416666666667,0.8649027777777778,0.2371861111111111
0038,0.5924,0.5712805555555556,0.3857
0039,0.45447777777777776,0.9764694444444444,0.41310833333333336
0040,0.5768777777777778,0.999825,0.5162444444444444
0041,0.7240055555555556,1.0,0.6361277777777777
0042,0.4432833333333333,0.8616777777777778,0.33160555555555554
0043,0.31358888888888886,0.8617444444444444,0.22246666666666667
0044,0.49888055555555555,0.8616777777777778,0.33160555555555554
0045,0.23602222222222222,0.957875,0.211
0046,0.5129833333333333,0.443325,0.338675
0047,0.4401833333333333,0.6360638888888889,0.3763638888888889
0048,0.5743777777777778,0.8549527777777778,0.35589166666666666
0049,0.3971,0.443325,0.338675
0050,0.5763277777777778,0.9288416666666667,0.27418333333333333
0051,0.4155638888888889,0.9354111111111111,0.2286138888888889
0052,0.42999166666666666,0.9786805555555556,0.33613611111111114
0053,0.5130583333333333,0.98655,0.4518638888888889
0054,0.5645305555555555,0.9997305555555556,0.5286472222222223
0055,0.2602138888888889,0.385425,0.1878138888888889
0056,0.33605833333333335,0.5465861111111111,0.29390555555555553
0057,0.38234444444444443,0.6923722222222222,0.3287083333333333
0058,0.26976666666666665,0.385425,0.1878138888888889
0059,0.472375,0.8214138888888889,0.3618638888888889
0060,0.4684111111111111,0.9199138888888889,0.3619583333333333
0061,0.5546055555555556,0.94505,0.28794444444444445
0062,0.541875,0.9805638888888889,0.372925
0063,0.53725,0.9946222222222222,0.44821944444444445
0064,0.6172111111111112,0.776775,0.5185277777777778
0065,0.4312861111111111,0.5790222222222222,0.4701611111111111
0066,0.43646666666666667,0.3962777777777778,0.42857222222222224
0067,0.24439444444444444,0.21461944444444445,0.35684444444444446
0068,0.3709277777777778,0.15681111111111112,0.29115
0069,0.364825,0.1621027777777778,0.33050555555555555
0070,0.3522638888888889,0.17019722222222222,0.28907222222222223
0071,0.4431277777777778,0.7590722222222223,0.30293333333333333
0072,0.3614861111111111,0.5568666666666666,0.4864888888888889
0073,0.37630555555555556,0.3741305555555556,0.3753416666666667
0074,0.232825,0.17923611111111112,0.23059166666666667
0075,0.12967222222222222,0.014933333333333333,0.26180555555555557
0076,0.10280277777777778,0.02580277777777778,0.11306111111111111
0077,0.195825,0.5123694444444444,0.5459444444444445
0078,0.237125,0.33181666666666665,0.4258722222222222
0079,0.3269944444444444,0.1535138888888889,0.36790555555555554
0080,0.14083055555555554,0.031183333333333334,0.362725
0081,0.7332666666666666,0.8777833333333334,0.6470194444444445
0082,0.34363055555555555,0.3646138888888889,0.28094444444444444
0083,0.27393055555555557,0.3082166666666667,0.27460833333333334
0084,0.24983055555555556,0.271775,0.21518333333333334
0085,0.277975,0.3293361111111111,0.21781666666666666
0086,0.5760388888888889,0.6746916666666667,0.5032083333333334
0087,0.6300194444444445,0.7193805555555556,0.6039194444444445
0088,0.7605638888888889,0.84645,0.7561972222222222
0089,0.6485638888888889,0.6994833333333333,0.6445861111111111
0090,0.6327166666666667,0.7853944444444444,0.640875
0091,0.45611111111111113,0.4990888888888889,0.4406527777777778
0092,0.24236666666666667,0.22595833333333334,0.1694138888888889
0093,0.49390555555555554,0.6534083333333334,0.4686722222222222
0094,0.37827222222222223,0.4917166666666667,0.38554166666666667
0095,0.23173611111111111,0.2512111111111111,0.20876111111111112
0096,0.11400277777777777,0.11482222222222223,0.10780555555555556
0097,0.10308055555555555,0.09684444444444444,0.06806111111111111
0098,0.16111111111111112,0.16350555555555554,0.11532777777777778
0099,0.24836388888888888,0.3259416666666667,0.23081666666666667
0100,0.4197472222222222,0.4524638888888889,0.28389722222222225
0101,0.3427861111111111,0.4587555555555556,0.2896444444444444
0102,0.32133333333333336,0.4220861111111111,0.2875111111111111
0103,0.45575,0.51835,0.42105555555555557
0104,0.5029611111111111,0.5484416666666667,0.47755555555555557
0105,0.4219027777777778,0.4399,0.3928888888888889
0106,0.24923055555555557,0.2727861111111111,0.23658888888888888
0107,0.10776944444444445,0.08949722222222223,0.06013333333333333
0108,0.3075805555555556,0.3374111111111111,0.29346666666666665
0109,0.165775,0.12464444444444445,0.2513
0110,0.1578638888888889,0.18965833333333335,0.11887222222222223
0111,0.15387222222222222,0.23347777777777778,0.09219444444444444
0112,0.19868611111111112,0.25726944444444444,0.10405833333333334
0113,0.15812222222222222,0.21633333333333332,0.08295
0114,0.346,0.417725,0.2494472222222222
0115,0.36465277777777777,0.32319444444444445,0.25619166666666665
0116,0.4455222222222222,0.3102666666666667,0.33700277777777776
0117,0.39010833333333333,0.24579444444444445,0.5328527777777777
0118,0.5135805555555556,0.18606944444444445,0.5363611111111111
0119,0.6418666666666667,0.200925,0.5202472222222222
0120,0.49583055555555555,0.39069166666666666,0.38585555555555556
0121,0.5116083333333333,0.43816944444444444,0.3661611111111111
0122,0.8390611111111111,1.0,0.5633638888888889
0123,0.524025,0.8181777777777778,0.418225
0124,0.44959444444444446,0.6186527777777778,0.36506944444444445
0125,0.6834111111111111,1.0,0.5750083333333333
0126,0.6924722222222223,1.0,0.3656361111111111
0127,0.6171472222222222,0.9418277777777778,0.7026666666666667
0128,0.6704333333333333,0.7741472222222222,0.5283444444444444
0129,0.5859388888888889,0.5082138888888889,0.3930666666666667
0130,0.47094722222222224,0.453875,0.38793333333333335
0131,0.42341388888888887,0.29910555555555557,0.27189444444444444
0132,0.437825,0.47094166666666665,0.3672166666666667
0133,0.6338805555555556,0.6423527777777778,0.492475
0134,0.6355527777777777,0.622325,0.5150277777777778
0135,0.5991027777777778,0.8511805555555556,0.5670388888888889
0136,0.5209194444444445,0.71715,0.26921666666666666
0137,0.6142833333333333,0.6681833333333334,0.18495277777777777
0138,0.7022805555555556,0.27295277777777777,0.4430317861994061
0139,0.7585222222222222,0.4216861111111111,0.55295
0140,0.727825,0.5782305555555556,0.6002083333333333
0141,0.9521861111111111,0.8920055555555556,0.8444833333333334
0142,0.9162888888888889,0.924475,0.9074611111111112
0143,0.9246166666666666,0.929925,0.9117222222222222
0144,0.3802638888888889,0.23635555555555557,0.4013372259367387
0145,0.19152222222222223,0.08280555555555555,0.560664514154815
0146,0.7381722222222222,0.11752777777777777,0.6903206504216179
0147,0.6111555555555556,0.20546666666666666,0.5802600044828359
0148,0.4795361111111111,0.32048333333333334,0.4789915495011878
0149,0.6088555555555556,0.5097388888888889,0.5930477391541064
0150,0.6709944444444444,0.6484944444444445,0.6568609476824614
0151,0.7556916666666667,0.683925,0.6672342671425993
0152,0.7075611111111111,0.7133055555555555,0.6946111111111111
0153,0.7070166666666666,0.7242833333333333,0.7030305555555556
0154,0.6928722222222222,0.710125,0.6851222222222222
0155,0.612175,0.6581972222222222,0.6143333333333333
0156,0.28163055555555555,0.10587777777777778,0.24862208713272543
0157,0.33358611111111114,0.015727777777777778,0.33309920015976147
0158,0.3762,0.10745833333333334,0.3357319112191998
0159,0.3599222222222222,0.14253888888888888,0.34454430255161045
0160,0.3689972222222222,0.168425,0.3262093466547852
0161,0.40831388888888887,0.20387777777777777,0.3061732074087658
0162,0.4507527777777778,0.19631666666666667,0.2653648394256975
0163,0.32003333333333334,0.20249166666666665,0.2497476689080564
0164,0.5691861111111111,0.54715,0.5904212409245554
0165,0.47155,0.4250333333333333,0.4955656913076811
0166,0.37027777777777776,0.2891388888888889,0.37354965402318074
0167,0.6917055555555556,0.5931388888888889,0.4792527777777778
0168,0.4161666666666667,0.3126611111111111,0.3236222222222222
0169,0.26016944444444445,0.18893333333333334,0.20490555555555556
0170,0.34305555555555556,0.2574416666666667,0.29979054857384135
0171,0.4351611111111111,0.38479444444444444,0.39337809420895753
0172,0.5037388888888888,0.46176666666666666,0.462371804131157
0173,0.6987138888888889,0.4750027777777778,0.465175
0174,0.7312722222222222,0.8100333333333334,0.6535583333333334
0175,0.6673972222222222,0.4232416666666667,0.42601666666666665
0176,0.39974166666666666,0.1907861111111111,0.2283111111111111
0177,0.23040833333333333,0.10733888888888889,0.14251983377408386
0178,0.3702944444444444,0.20815833333333333,0.2577007158353218
0179,0.8333333333333334,0.8338777777777778,0.6021694444444444
0180,0.8085777777777777,0.6716916666666667,0.5449307891673866
0181,0.8231722222222222,0.5476194444444444,0.5284694444444444
0182,0.2785472222222222,0.27076666666666666,0.24812222222222222
0183,0.09871111111111111,0.08757222222222222,0.07938888888888888
0184,0.16204166666666667,0.07457222222222222,0.08933333333333333
0185,0.3770861111111111,0.27344444444444443,0.24920277777777777
0186,0.5044333333333333,0.4387666666666667,0.2909861111111111
0187,0.37046944444444446,0.6871361111111111,0.3484861111111111
0188,0.8292361111111111,0.8130694444444444,0.7253055555555555
0189,0.8105055555555556,0.814075,0.7092916666666667
0190,0.7351888888888889,0.8066055555555556,0.7148944444444445
0191,0.7648944444444444,0.7550666666666667,0.676575
0192,0.7213777777777778,0.693625,0.6387111111111111
0193,0.6416805555555556,0.6467777777777778,0.5871388888888889
0194,0.5457388888888889,0.5248611111111111,0.4817472222222222
0195,0.33584722222222224,0.31512222222222225,0.2974361111111111
0196,0.18665833333333334,0.18180555555555555,0.17379166666666668
0197,0.120575,0.09978055555555555,0.09123888888888888
0198,0.1590777777777778,0.13928333333333334,0.12977777777777777
0199,0.3265777777777778,0.3035277777777778,0.24404722222222222
0200,0.4776861111111111,0.5526583333333334,0.4343388888888889
0201,0.4499666666666667,0.7318,0.46068611111111113
0202,0.6453805555555555,0.6205083333333333,0.5878638888888889
0203,0.7046833333333333,0.6534555555555556,0.6076972222222222
0204,0.63875,0.626125,0.5770694444444444
0205,0.5930222222222222,0.5438555555555555,0.5062833333333333
0206,0.535225,0.4651361111111111,0.43145
0207,0.44661666666666666,0.38693055555555556,0.3603722222222222
0208,0.34296944444444444,0.27395555555555556,0.2599138888888889
0209,0.21840277777777778,0.17309722222222224,0.16622222222222222
0210,0.095775,0.09387222222222222,0.08907777777777778
0211,0.10697777777777778,0.1585,0.3122611111111111
0212,0.2750166666666667,0.3143222222222222,0.38451111111111114
0213,0.6858694444444444,0.5575611111111111,0.5257222222222222
0214,0.45229722222222224,0.45200833333333335,0.3604888888888889
0215,0.49085833333333334,0.5428444444444445,0.42990833333333334
0216,0.5499055555555555,0.6587388888888889,0.503325
0217,0.5688138888888888,0.6823,0.5422555555555556
0218,0.7129111111111112,0.6429305555555556,0.5745861111111111
0219,0.3490111111111111,0.36993055555555554,0.3280777777777778
0220,0.16978333333333334,0.18748055555555557,0.17258888888888888
0221,0.046283333333333336,0.04821388888888889,0.04526388888888889
0222,0.03337777777777778,0.03178611111111111,0.23316666666666666
0223,0.06270277777777777,0.10573333333333333,0.29615833333333336
0224,0.08700555555555556,0.27810833333333335,0.31975
0225,0.14807222222222222,0.3628138888888889,0.3746697815766593
0226,0.08773055555555556,0.5579611111111111,0.3491944444444444
0227,0.45890277777777777,0.48880555555555555,0.32875
0228,0.40425,0.46391666666666664,0.3515361111111111
0229,0.5740472222222223,0.5817166666666667,0.5112916666666667
0230,0.5895916666666666,0.6025027777777778,0.5071027777777778
0231,0.7209833333333333,0.5991722222222222,0.505975
0232,0.5234972222222222,0.5686638888888889,0.5095777777777778
0233,0.4564416666666667,0.4270611111111111,0.3884388888888889
0234,0.2884777777777778,0.24682222222222222,0.23026944444444444
0235,0.10853611111111111,0.06988333333333334,0.06441944444444445
0236,0.41965,0.49140833333333334,0.4034027777777778
0237,0.5119888888888889,0.5155055555555556,0.4467388888888889
0238,0.22684166666666666,0.22237222222222222,0.201075
0239,0.31399166666666667,0.2328,0.20259722222222223
0240,0.341925,0.2636861111111111,0.23366944444444446
0241,0.3226888888888889,0.23035277777777777,0.22196666666666667
0242,0.26984444444444444,0.12771944444444444,0.17168611111111112
0243,0.11636944444444444,0.04881944444444444,0.08140277777777778
0244,0.04530555555555556,0.012969444444444445,0.038733333333333335
0245,0.013222222222222222,0.00866111111111111,0.01685277777777778
0246,0.24969444444444444,0.1749,0.16236944444444446
0247,0.21634444444444445,0.16155555555555556,0.14755
0248,0.20471111111111112,0.1681888888888889,0.15460833333333332
0249,0.15283333333333332,0.018119444444444445,0.41370277777777775
0250,0.23268055555555556,0.023577777777777777,0.3728222222222222
0251,0.13321666666666668,0.018630555555555556,0.36919444444444444
0252,0.3298638888888889,0.2976138888888889,0.2838888888888889
0253,0.26931944444444444,0.186625,0.19526666666666667
0254,0.21375,0.11120277777777778,0.15258888888888889
0255,0.18863611111111112,0.07075,0.1516611111111111
0256,0.323375,0.06774166666666667,0.13860833333333333
0257,0.2734722222222222,0.06810555555555556,0.12687777777777778
0258,0.16321666666666668,0.02262222222222222,0.20390277777777777
0259,0.4390361111111111,0.022219444444444444,0.25405
0260,0.09938888888888889,0.020052777777777777,0.29985
0261,0.09091388888888889,0.030569444444444444,0.37143055555555554
0262,0.2182138888888889,0.045797222222222225,0.4248722222222222
0263,0.6888361111111111,0.5628222222222222,0.5518222222222222
0264,0.4843527777777778,0.34907777777777776,0.3731305555555556
0265,0.28283055555555553,0.2089361111111111,0.23655277777777778
0266,0.49133333333333334,0.1171,0.1717972222222222
0267,0.319675,0.051375,0.21889166666666668
0268,0.31877777777777777,0.14960277777777778,0.347975
0269,0.3975111111111111,0.17205833333333334,0.28062777777777775
0270,0.4363916666666667,0.24656666666666666,0.27320555555555553
0271,0.362675,0.34428888888888887,0.363975
0272,0.6420361111111111,0.4218472222222222,0.44062222222222225
0273,0.5293027777777778,0.5170111111111111,0.4920527777777778
0274,0.40003333333333335,0.5837222222222223,0.49388055555555554
0275,0.2959638888888889,0.5844166666666667,0.43017222222222223
0276,0.3645583333333333,0.5778694444444444,0.38343333333333335
0277,0.4684361111111111,0.6025777777777778,0.35831666666666667
0278,0.2845138888888889,0.2433,0.16967222222222222
0279,0.6408138888888889,0.5451944444444444,0.48054166666666664
0280,0.4111222222222222,0.6491694444444445,0.5190166666666667
0281,0.6105638888888889,0.7097472222222222,0.5886277777777777
0282,0.7372166666666666,0.7453805555555556,0.6216583333333333
0283,0.7853888888888889,0.7702555555555556,0.6179
0284,0.6852861111111112,0.7181305555555556,0.5853944444444444
0285,0.6272861111111111,0.606975,0.5341194444444445
0286,0.6336638888888889,0.5008027777777778,0.454925
0287,0.4225777777777778,0.39030555555555557,0.38501111111111114
0288,0.3042666666666667,0.31056388888888886,0.30014444444444444
0289,0.6144166666666667,0.35868055555555556,0.33060833333333334
0290,0.7284805555555556,0.5098222222222222,0.47600555555555557
0291,0.6345666666666666,0.6192166666666666,0.5835527777777778
0292,0.6579444444444444,0.7045083333333333,0.6673444444444444
0293,0.49596666666666667,0.3433527777777778,0.39768611111111113
0294,0.37301388888888887,0.4390777777777778,0.4440277777777778
0295,0.5438166666666666,0.5942194444444444,0.49735833333333335
0296,0.49657222222222225,0.46623611111111113,0.3697638888888889
0297,0.20276111111111111,0.26934444444444444,0.21964166666666668
0298,0.2911111111111111,0.25904166666666667,0.2336638888888889
0299,0.5518583333333333,0.3819166666666667,0.31085277777777776
0300,0.4870527777777778,0.5231055555555556,0.3757611111111111
0301,0.3893138888888889,0.6003916666666667,0.3620777777777778
0302,0.6828666666666666,0.5523194444444445,0.5135416666666667
0303,0.7990861111111112,0.6107861111111111,0.4532333333333333
0304,0.8376305555555555,0.833025,0.5356027777777778
0305,0.39089444444444443,0.36465277777777777,0.286125
0306,0.5208138888888889,0.5465444444444445,0.4536222222222222
0307,0.5861361111111111,0.7210305555555555,0.6009166666666667
0308,0.5788777777777778,0.6273666666666666,0.5473666666666667
0309,0.5245222222222222,0.42525833333333335,0.3909472222222222
0310,0.3889416666666667,0.3468,0.31590833333333335
0311,0.4845361111111111,0.38932222222222224,0.35134444444444446
0312,0.7889972222222222,0.38545277777777776,0.3418833333333333
0313,0.34363333333333335,0.29385,0.2263111111111111
0314,0.7328111111111111,0.37828333333333336,0.27581944444444445
0315,0.6962416666666666,0.5420472222222222,0.491825
0316,0.7353527777777777,0.7054888888888889,0.5817138888888889
0317,0.30850555555555553,0.48489444444444446,0.374675
0318,0.4445472222222222,0.5620888888888889,0.44409166666666666
0319,0.46658333333333335,0.6373722222222222,0.5152277777777777
0320,0.9123388888888889,0.8824722222222222,0.7262805555555556
0321,0.8385638888888889,0.7650777777777777,0.739725
0322,0.6404722222222222,0.55415,0.5437472222222223
0323,0.5195694444444444,0.37009444444444445,0.36086666666666667
0324,0.38524444444444444,0.22485833333333333,0.23572777777777779
0325,0.2921888888888889,0.132225,0.1651638888888889
0326,0.7778472222222222,0.3465138888888889,0.36589444444444447
0327,0.2232638888888889,0.5147611111111111,0.4162638888888889
0328,0.6277194444444445,0.6892,0.48106666666666664
0329,0.5953888888888889,0.8027638888888889,0.5134277777777778
0330,0.6270305555555555,0.8376305555555555,0.5439472222222222
0331,0.6549777777777778,0.8511472222222223,0.5051055555555556
0332,0.5392111111111111,0.8822055555555556,0.4990833333333333
0333,0.6481805555555555,0.9081083333333333,0.542575
0334,0.7476888888888888,0.9267388888888889,0.6343861111111111
0335,0.9546611111111111,0.9407722222222222,0.6447277777777778
0336,0.8600833333333333,0.20355833333333334,0.45181666666666664
0337,0.5863444444444444,0.16684722222222223,0.5665666666666667
0338,0.4118805555555556,0.3591111111111111,0.3294111111111111
0339,0.9083972222222222,0.5308111111111111,0.42314722222222223
0340,0.8481166666666666,0.6171333333333333,0.473325
0341,0.6383472222222222,0.6136166666666667,0.5541166666666667
0342,0.6420638888888889,0.4756944444444444,0.443875
0343,0.21945277777777777,0.3452527777777778,0.19096944444444444
0344,0.10308055555555555,0.2907111111111111,0.44214722222222225
0345,0.2921222222222222,0.34747222222222224,0.49209722222222224
0346,0.7940638888888889,0.5806416666666666,0.5373027777777778
0347,0.8983111111111111,0.8100777777777778,0.4603055555555556
0348,0.5297388888888889,0.33006944444444447,0.39413888888888887
0349,0.4211972222222222,0.2972666666666667,0.3128638888888889
0350,0.3176222222222222,0.2543166666666667,0.28391666666666665
0351,0.5283694444444444,0.3300166666666667,0.3429111111111111
0352,0.4911861111111111,0.3886,0.39535
0353,0.3484083333333333,0.33205833333333334,0.32438055555555556
0354,0.3069,0.21765277777777778,0.19859444444444443
0355,0.1598277777777778,0.16996666666666665,0.1677972222222222
0356,0.17505833333333334,0.20390277777777777,0.1629611111111111
0357,0.38258888888888887,0.38524444444444444,0.3178888888888889
0358,0.4927,0.5917944444444444,0.43535833333333335
0359,0.8567694444444445,0.8048416666666667,0.47087222222222225
0360,0.5048472222222222,0.9440388888888889,0.45855277777777775
0361,0.5955472222222222,0.9727166666666667,0.5535777777777777
0362,0.75135,0.1530277777777778,0.2174888888888889
0363,0.8189111111111111,0.1434777777777778,0.1984277777777778
0364,0.5599805555555556,0.4913444444444444,0.4721222222222222
0365,0.8832222222222222,0.6448027777777777,0.5817527777777778
0366,0.7948833333333334,0.7658638888888889,0.5916722222222223
0367,0.6667055555555556,0.7709944444444444,0.5280055555555555
0368,0.6174638888888889,0.75585,0.4594972222222222
0369,0.7774277777777778,0.7200305555555555,0.42099444444444445
0370,0.6417333333333334,0.5205166666666666,0.24372777777777777
0371,0.4531472222222222,0.7610083333333333,0.42816944444444444
0372,0.7232694444444444,0.8274361111111111,0.5712166666666667
0373,0.6974972222222222,0.8788361111111112,0.6752527777777778
0374,0.7227861111111111,0.9022416666666667,0.7511944444444445
0375,0.8776694444444444,0.8372361111111111,0.6966972222222222
0376,0.6777277777777778,0.6827361111111111,0.5656944444444445
0377,0.38545833333333335,0.46765277777777775,0.34168611111111113
0378,0.14706388888888888,0.20136666666666667,0.13580277777777777
0379,0.061672222222222225,0.020405555555555555,0.3084972222222222
0380,0.7494472222222223,0.2018,0.16654444444444444
0381,0.1427861111111111,0.29899722222222225,0.1728611111111111
0382,0.5239944444444444,0.5405527777777778,0.3543611111111111
0383,0.4649083333333333,0.5901388888888889,0.39765833333333334
0384,0.5302527777777778,0.6110777777777778,0.41533055555555554
0385,0.5112555555555556,0.6044416666666667,0.4669888888888889
0386,0.5192527777777778,0.5545027777777778,0.43749444444444446
0387,0.41233888888888887,0.41429166666666667,0.3213361111111111
0388,0.29543055555555553,0.2924111111111111,0.23690277777777777
0389,0.20725555555555555,0.19493888888888888,0.1625388888888889
0390,0.10811666666666667,0.10023333333333333,0.10605555555555556
0391,0.12488333333333333,0.08284166666666666,0.07187222222222223
0392,0.08949444444444445,0.11515555555555555,0.08633333333333333
0393,0.085675,0.16621666666666668,0.10652777777777778
0394,0.14988333333333334,0.2960277777777778,0.12640833333333334
0395,0.1960611111111111,0.4791416666666667,0.14370555555555556
0396,0.16784722222222223,0.10257222222222222,0.13160555555555556
0397,0.23483055555555554,0.1518,0.15938611111111112
0398,0.2858527777777778,0.21888888888888888,0.19435
0399,0.2847166666666667,0.2947972222222222,0.20606388888888888
0400,0.38854444444444447,0.40720555555555554,0.2625166666666667
0401,0.5213694444444444,0.8956805555555556,0.45877222222222225
0402,0.5191916666666667,0.9255805555555555,0.4376277777777778
0403,0.5781361111111111,0.9858361111111111,0.5154416666666667
0404,0.6910305555555556,0.9851555555555556,0.5116611111111111
0405,0.6576555555555555,0.9202444444444444,0.5714416666666666
0406,0.40731666666666666,0.5079,0.26987222222222224
0407,0.16181666666666666,0.20344166666666666,0.11615277777777777
0408,0.05603888888888889,0.06665555555555555,0.0515
0409,0.06194444444444445,0.11067222222222223,0.33648055555555556
0410,0.6143916666666667,0.9231166666666667,0.567675
0411,0.5628638888888889,0.8769861111111111,0.5250305555555556
0412,0.7225555555555555,0.9012527777777778,0.5558888888888889
0413,0.6957305555555555,0.9596888888888889,0.5174277777777778
0414,0.6913277777777778,0.9989583333333333,0.5212555555555556
0415,0.666575,0.913625,0.6353416666666667
0416,0.6132666666666666,0.8006083333333334,0.6554583333333334
0417,0.5682305555555556,0.6538611111111111,0.4648305555555556
0418,0.5469111111111111,0.5043694444444444,0.3078194444444444
0419,0.3588972222222222,0.3532361111111111,0.2287611111111111
0420,0.171275,0.15189444444444444,0.16513055555555556
0421,0.11123055555555555,0.055372222222222225,0.07122777777777778
0422,0.019602777777777778,0.012522222222222223,0.2727861111111111
0423,0.7985055555555556,0.9685722222222222,0.5598805555555556
0424,0.8639222222222223,0.9631805555555556,0.5958527777777778
0425,0.7768888888888889,0.9089722222222222,0.664925
0426,0.7787083333333333,0.8681416666666667,0.7243611111111111
0427,0.768775,0.8882666666666666,0.7129888888888889
0428,0.6817638888888888,0.7811611111111111,0.6585277777777778
0429,0.6186833333333334,0.66265,0.5998111111111111
0430,0.5057972222222222,0.5415194444444444,0.4744861111111111
0431,0.4772527777777778,0.41394166666666665,0.3712138888888889
0432,0.312775,0.2513694444444444,0.27168055555555554
0433,0.2403472222222222,0.1394,0.21654722222222222
0434,0.17005833333333334,0.10735833333333333,0.17509444444444444
0435,0.10620555555555555,0.060969444444444444,0.09282222222222222
0436,0.05628333333333333,0.025347222222222222,0.6375277777777778
0437,0.04321388888888889,0.02459722222222222,0.6159944444444444
0438,0.4572277777777778,0.5586888888888889,0.45999444444444443
0439,0.5118944444444444,0.5307166666666666,0.4377361111111111
0440,0.5470861111111112,0.5951722222222222,0.4931611111111111
0441,0.6417222222222222,0.7171861111111111,0.5703277777777778
0442,0.7245972222222222,0.8125555555555556,0.6868444444444445
0443,0.5202388888888889,0.5300138888888889,0.46390555555555557
0444,0.6247611111111111,0.5783833333333334,0.5387861111111111
0445,0.6010333333333333,0.5478111111111111,0.5239666666666667
0446,0.5534694444444445,0.48998888888888886,0.4973166666666667
0447,0.5368194444444444,0.45919166666666666,0.4556972222222222
0448,0.40423888888888887,0.4227944444444444,0.5329916666666666
0449,0.691875,0.42854444444444445,0.381925
0450,0.6817083333333334,0.5842638888888889,0.35660555555555556
0451,0.5543027777777778,0.724025,0.4036972222222222
0452,0.5685416666666666,0.8691361111111111,0.5422277777777778
0453,0.6948722222222222,0.9817361111111111,0.37025
0454,0.33171388888888886,0.4243722222222222,0.2609972222222222
0455,0.6542194444444445,0.5659083333333333,0.48480833333333334
0456,0.5304777777777778,0.4897416666666667,0.45206666666666667
0457,0.4717527777777778,0.40794722222222224,0.3929972222222222
0458,0.42485555555555554,0.26736944444444444,0.26892222222222223
0459,0.3184972222222222,0.23821666666666666,0.23384722222222223
0460,0.41833333333333333,0.2592833333333333,0.28811944444444443
0461,0.4182416666666667,0.34439722222222224,0.3645277777777778
0462,0.41911944444444443,0.4135861111111111,0.4099611111111111
0463,0.38506111111111113,0.5772333333333334,0.3817361111111111
0464,0.6575916666666667,0.7516055555555555,0.5290416666666666
0465,0.7517944444444444,0.8916472222222223,0.676625
0466,0.6247944444444444,0.5715805555555555,0.3811777777777778
0467,0.7138888888888889,0.7905027777777778,0.7391444444444445
0468,0.6004583333333333,0.6508777777777778,0.6029194444444445
0469,0.4281888888888889,0.4978388888888889,0.4489166666666667
0470,0.4508,0.3876027777777778,0.3270722222222222
0471,0.5899444444444445,0.37167222222222224,0.28804166666666664
0472,0.36654166666666665,0.3725833333333333,0.36255
0473,0.353,0.4028805555555556,0.2700638888888889
0474,0.3339861111111111,0.48568333333333336,0.2707111111111111
0475,0.6764027777777778,0.6454333333333333,0.3605833333333333
0476,0.6233444444444445,0.7943638888888889,0.5049888888888889
0477,0.8319277777777778,0.8816583333333333,0.8130861111111111
0478,0.7974527777777778,1.0,1.0
0479,0.9788666666666667,1.0,1.0
0480,0.8005083333333334,1.0,0.7578638888888889
0481,0.7022388888888889,1.0,0.6563666666666667
0482,0.8142666666666667,0.9948805555555555,0.78335
0483,0.6273611111111111,1.0,0.501325
0484,0.5483111111111111,1.0,1.0
0485,0.5823916666666666,1.0,1.0
0486,0.6413388888888889,1.0,1.0
0487,0.7101611111111111,0.7178972222222222,0.692775
0488,0.10883888888888889,0.09704444444444445,0.10157009595030807
0489,0.2930888888888889,0.2672583333333333,0.2838221197260388
0490,0.020405555555555555,0.004380555555555556,0.44889444444444443
0491,0.47889444444444446,0.4422027777777778,0.4754083752429645
0492,0.571425,0.5302138888888889,0.5887238946706712
0493,0.6266583333333333,0.575375,0.6529044513038256
0494,0.7207611111111111,0.669625,0.7139081358962897
0495,0.8589194444444445,0.8245222222222223,0.8185852758417537
0496,0.8170527777777777,0.8198777777777778,0.7494027777777778
0497,0.20205555555555554,0.20594444444444446,0.19921111111111112
0498,0.8673222222222222,0.8937416666666667,0.8872027777777778
0499,0.27158055555555555,0.2756527777777778,0.2790948335731628
0500,0.8082694444444445,0.8121555555555555,0.7979277777777778
0501,0.8149583333333333,0.7860138888888889,0.7704277777777778
0502,0.8327972222222222,0.8414666666666667,0.8193944444444444
0503,0.8637527777777778,0.8895805555555556,0.4657277777777778
0504,0.9268277777777778,0.9416694444444444,0.3244997386071655
0505,0.970475,0.9673972222222222,0.49851351238181374
0506,0.8660555555555556,0.9615472222222222,0.5555490260276311
0507,0.7160333333333333,0.9300444444444445,0.5595412219195213
0508,0.7001861111111111,0.9360194444444444,0.5948859509743629
0509,0.6931611111111111,0.9453666666666667,0.6276222222222222
0510,0.7681444444444444,0.9390833333333334,0.7326333333333334
0511,0.3727361111111111,0.3702472222222222,0.38520445022395605
0512,0.9277888888888889,0.9732888888888889,0.6452055555555556
0513,0.9855777777777778,0.9910972222222222,0.4193138888888889
0514,0.1996138888888889,0.20594444444444446,0.19921111111111112
0515,0.5458666666666666,0.5244666666666666,0.548308214531964
0516,0.6338166666666667,0.5885333333333334,0.6424331142219404
0517,0.6883277777777778,0.6478888888888888,0.7080481795784287
0518,0.7591833333333333,0.7323527777777777,0.7793506714831298
0519,0.8753972222222223,0.8798472222222222,0.8993458188687236
0520,0.9495722222222223,0.9530861111111111,0.9442314743824795
0521,0.5123555555555556,0.671675,0.5183972222222222
0522,0.9967277777777778,1.0,0.39881944444444445
0523,0.6459083333333333,0.723325,0.6371833333333333
0524,0.9203555555555556,0.9480555555555555,0.5563722222222223
0525,0.8441972222222223,0.871,0.8170027777777777
0526,0.8015222222222222,0.8357361111111111,0.7891888888888889
0527,0.7408222222222223,0.7843333333333333,0.7215777777777778
0528,0.6564888888888889,0.7428194444444445,0.60495
0529,0.5961333333333333,0.7261722222222222,0.5804333333333334
0530,0.6295722222222222,0.7497805555555556,0.5927638888888889
0531,0.6577416666666667,0.8129944444444445,0.6565833333333333
0532,0.7100388888888889,0.8505027777777778,0.6846972222222222
0533,0.8056027777777778,0.9032972222222222,0.7668194444444445
0534,0.8098388888888889,0.8245111111111111,0.8110555555555555
0535,0.8964,0.9651083333333333,0.41376666666666667
0536,0.92805,0.9796305555555556,0.34470555555555554
0537,0.5123555555555556,0.671675,0.5183972222222222
0538,0.8725083333333333,0.8762916666666667,0.8799475520590262
0539,0.9103527777777778,0.9065361111111111,0.9109773984932329
0540,0.9333111111111111,0.9222694444444445,0.9284595039118065
0541,0.9775722222222222,0.9713666666666667,0.9738694444444445
0542,0.9886111111111111,0.9995305555555556,0.3587166666666667
0543,0.9863722222222222,0.9998305555555556,0.36567222222222223
0544,0.714025,0.8451583333333333,0.4587111111111111
0545,0.350675,0.6175111111111111,0.4335527777777778
0546,0.2552277777777778,0.4301083333333333,0.5107722222222222
0547,0.560575,0.46989722222222224,0.4074527777777778
0548,0.6599166666666667,0.6321944444444444,0.6284472222222223
0549,0.6376138888888889,0.6475611111111111,0.6487593893061914
0550,0.5481333333333334,0.5536583333333334,0.5638444444444445
0551,0.6055444444444444,0.47981666666666667,0.5285138888888888
0552,0.5598444444444445,0.4086861111111111,0.5523472222222222
0553,0.7158527777777778,0.4116888888888889,0.6249555555555556
0554,0.677375,0.3616027777777778,0.6621111111111111
0555,0.38454166666666667,0.3856611111111111,0.554575
0556,0.5005722222222222,0.42583333333333334,0.555165391998622
0557,0.4749333333333333,0.3466638888888889,0.478729290216391
0558,0.7777166666666666,0.7949444444444445,0.47659444444444443
0559,0.7646833333333334,0.8484305555555556,0.6217305555555556
0560,0.765925,0.9463111111111111,0.640775
0561,0.4246611111111111,0.7039583333333334,0.3865277777777778
0562,0.42591944444444446,0.5681722222222222,0.38313055555555553
0563,0.42759722222222224,0.5174222222222222,0.4951638888888889
0564,0.5152027777777778,0.6234833333333333,0.5800694444444444
0565,0.5944444444444444,0.5933666666666667,0.6225055555555555
0566,0.5351583333333333,0.5095666666666666,0.5755027777777778
0567,0.41126944444444447,0.3973583333333333,0.5268472222222222
0568,0.29170833333333335,0.3186888888888889,0.5577111111111112
0569,0.467875,0.289025,0.5315305555555555
0570,0.5252222222222223,0.26205833333333334,0.4421777777777778
0571,0.5654194444444445,0.3175472222222222,0.5227611111111111
0572,0.6811666666666667,0.9984888888888889,0.5347333333333333
0573,0.3596416666666667,0.27131944444444445,0.3897673669179867
0574,0.30975,0.22350555555555557,0.31772951842903496
0575,0.768025,0.8484305555555556,0.6217305555555556
0576,0.9431694444444444,0.9713,0.6552722222222223
0577,0.6280583333333334,0.85805,0.5095166666666666
0578,0.9843083333333333,0.9904777777777778,0.6085111111111111
0579,0.5686361111111111,0.745825,0.5284805555555555
0580,0.5917638888888889,0.6716027777777778,0.5287638888888889
0581,0.6460111111111111,0.5911111111111111,0.5024805555555556
0582,0.4787638888888889,0.46105,0.5121444444444444
0583,0.30164722222222223,0.3432722222222222,0.44625
0584,0.29451944444444444,0.2615277777777778,0.2821388888888889
0585,0.24146944444444443,0.2023888888888889,0.2772277777777778
0586,0.3607611111111111,0.15596666666666667,0.39566944444444446
0587,0.3436444444444444,0.1505277777777778,0.3568222222222222
0588,0.34965833333333335,0.19853888888888888,0.3057361111111111
0589,0.4485277777777778,0.26195555555555555,0.34989166666666666
0590,0.8466694444444445,0.9972444444444445,0.5791027777777777
0591,0.34470833333333334,0.2602638888888889,0.3257482734288619
0592,0.30466666666666664,0.2703583333333333,0.3053563838505624
0593,0.9296694444444444,0.9713,0.6552722222222223
0594,0.8843694444444444,1.0,0.4788222222222222
0595,0.7900055555555555,0.9998694444444445,0.3638277777777778
0596,0.7238416666666667,0.9998722222222223,0.319975
0597,0.6992194444444444,0.99805,0.4158722222222222
0598,0.6605194444444444,0.9878138888888889,0.43703333333333333
0599,0.631875,0.930775,0.38051944444444447
0600,0.6037944444444444,0.587525,0.5887194444444445
0601,0.4765611111111111,0.4115138888888889,0.4357638888888889
0602,0.5326,0.5145694444444444,0.5072888888888889
0603,0.5672333333333334,0.524875,0.5300722222222222
0604,0.7456305555555556,0.7379083333333334,0.7270527777777778
0605,0.8833611111111112,0.9163222222222223,0.8138805555555556
0606,0.8647194444444445,0.9174388888888889,0.7895916666666667
0607,0.8446472222222222,0.9185027777777778,0.7708527777777778
0608,0.8457805555555555,0.8389444444444445,0.7903472222222222
0609,0.7388888888888889,0.7321166666666666,0.7066388888888889
0610,0.7449166666666667,0.6874833333333333,0.661375
0611,0.6810944444444444,0.5738888888888889,0.5523111111111111
0612,0.5074638888888889,0.43721666666666664,0.4221666666666667
0613,0.5278333333333334,0.34494722222222224,0.32984166666666664
0614,0.48101944444444444,0.46593055555555557,0.4580972222222222
0615,0.7149,0.415875,0.4602583333333333
0616,0.8683583333333333,0.6809083333333333,0.6584916666666667
0617,0.6037944444444444,0.587525,0.5887194444444445
0618,0.5491861111111112,0.47935,0.4913527777777778
0619,0.6432916666666667,0.593975,0.6028805555555555
0620,0.7907,0.7566055555555555,0.7064722222222222
0621,0.9212166666666667,0.9025777777777778,0.7228
0622,0.78095,0.789275,0.7511416666666667
0623,0.5875611111111111,0.5111694444444445,0.5219555555555555
0624,0.9183694444444445,0.8878138888888889,0.8752361111111111
0625,0.3833388888888889,0.37146944444444446,0.40747777777777777
0626,0.8385833333333333,0.8139027777777778,0.8024583333333334
0627,0.39634722222222224,0.36038611111111113,0.3853916666666667
0628,0.49341944444444447,0.524075,0.5273194444444445
0629,0.6249694444444445,0.6814138888888889,0.6735138888888889
0630,0.7711527777777778,0.8302833333333334,0.7780916666666666
0631,0.7037472222222222,0.7401,0.7382777777777778
0632,0.7252611111111111,0.6327833333333334,0.6411361111111111
0633,0.6216527777777778,0.5028638888888889,0.5356805555555556
0634,0.41231666666666666,0.3308861111111111,0.3698472222222222
0635,0.44015,0.19820833333333332,0.2584722222222222
0636,0.389875,0.13343333333333332,0.3266472222222222
0637,0.7837611111111111,0.7620138888888889,0.7451777777777778
0638,0.4957916666666667,0.24131666666666668,0.4088805555555556
0639,0.7270027777777778,0.4886388888888889,0.5082027777777778
0640,0.9066666666666666,0.8878138888888889,0.8752361111111111
0641,0.7979055555555555,0.7571277777777777,0.7346333333333334
0642,0.8548722222222223,0.8065861111111111,0.7642916666666667
0643,0.8938916666666666,0.8636722222222222,0.7648777777777778
0644,0.8192555555555555,0.9388916666666667,0.6193777777777778
0645,0.8481027777777778,0.7981444444444444,0.7703666666666666
0646,0.5958833333333333,0.5235333333333333,0.5356361111111111
0647,0.4242166666666667,0.2603916666666667,0.3159972222222222
0648,0.3488472222222222,0.166675,0.22781944444444444
0649,0.26198333333333335,0.24065277777777777,0.24504166666666666
0650,0.4417277777777778,0.38472222222222224,0.3942555555555556
0651,0.5300166666666667,0.4895027777777778,0.5082416666666667
0652,0.6348611111111111,0.5441305555555556,0.54845
0653,0.5754833333333333,0.5604027777777778,0.561675
0654,0.5619472222222223,0.5137194444444444,0.5313527777777778
0655,0.49043333333333333,0.4200611111111111,0.4477277777777778
0656,0.3923,0.31546111111111114,0.3409638888888889
0657,0.3339083333333333,0.21936388888888889,0.2411888888888889
0658,0.26461944444444446,0.1108611111111111,0.14185277777777777
0659,0.4077138888888889,0.07053888888888889,0.3324944444444444
0660,0.5747083333333334,0.19540555555555555,0.37519166666666665
0661,0.8715805555555556,0.8375,0.8254861111111111
0662,0.7580138888888889,0.6799444444444445,0.6894138888888889
0663,0.5754944444444444,0.4810055555555556,0.5096805555555556
0664,0.45200555555555555,0.3785611111111111,0.39947222222222223
0665,0.9821638888888888,1.0,1.0
0666,0.5753888888888888,0.28113055555555555,0.4257888888888889
0667,0.9725694444444445,0.9839888888888889,0.6903861111111111
0668,0.9344277777777777,0.9228361111111111,0.8650888888888889
0669,0.8242083333333333,0.7988277777777778,0.7512972222222222
0670,0.6307722222222222,0.6208722222222223,0.5817333333333333
0671,0.5673944444444444,0.5769416666666667,0.5371555555555556
0672,0.5932,0.620875,0.5508333333333333
0673,0.7058416666666667,0.735775,0.5709916666666667
0674,0.5789805555555556,0.8169611111111111,0.45871944444444446
0675,0.45685,0.21285833333333334,0.3410861111111111
0676,0.3929638888888889,0.3785611111111111,0.39947222222222223
0677,0.5478694444444444,0.23541666666666666,0.3852083333333333
0678,0.5717,0.293975,0.3444111111111111
0679,0.42240555555555553,0.4366833333333333,0.3428
0680,0.5897333333333333,0.6476138888888889,0.5037666666666667
0681,0.8994722222222222,0.8950972222222222,0.7081583333333333
0682,0.9434111111111111,0.9957527777777778,0.8804833333333333
0683,0.20346111111111112,0.17920555555555556,0.41558333333333336
0684,0.9913666666666666,1.0,1.0
0685,0.35907222222222224,0.08883611111111112,0.3191361111111111
0686,0.9445333333333333,0.9491777777777778,0.8927416666666667
0687,0.8170555555555555,0.8233972222222222,0.7813194444444445
0688,0.6349472222222222,0.6396638888888889,0.5970277777777778
0689,0.5044694444444444,0.47268055555555555,0.4222361111111111
0690,0.4412583333333333,0.4068111111111111,0.34718333333333334
0691,0.5442555555555556,0.5037222222222222,0.4436888888888889
0692,0.4875111111111111,0.6157638888888889,0.42090833333333333
0693,0.5280694444444445,0.7022,0.29489166666666666
0694,0.5633638888888889,0.8406888888888889,0.22843055555555555
0695,0.1401361111111111,0.05786111111111111,0.19959722222222223
0696,0.9211444444444444,0.8568027777777778,0.07081111111111112
0697,0.27239166666666664,0.17920555555555556,0.41558333333333336
0698,0.3518833333333333,0.15105555555555555,0.29178055555555554
0699,0.5397361111111111,0.33103055555555555,0.42030833333333334
0700,0.6421444444444444,0.5021527777777778,0.4541777777777778
0701,0.8036388888888889,0.7508972222222222,0.6064638888888889
0702,0.8956861111111111,0.9265027777777778,0.6849972222222223
0703,0.9672222222222222,0.9955472222222223,0.9978388228529205
0704,0.3303083333333333,0.3085777777777778,0.2992194444444444
0705,0.9716472222222222,0.9999555555555556,1.0
0706,0.5304444444444445,0.3580111111111111,0.37720555555555557
0707,0.9814916666666667,0.9840638888888888,0.9775944444444444
0708,0.8958222222222222,0.9164444444444444,0.8887555555555555
0709,0.7991027777777778,0.8097222222222222,0.764025
0710,0.7346111111111111,0.7184111111111111,0.6574194444444444
0711,0.62545,0.6513638888888889,0.597725
0712,0.6133222222222222,0.6461027777777778,0.5714388888888889
0713,0.6637555555555555,0.6594361111111111,0.5700916666666667
0714,0.6501666666666667,0.7012027777777777,0.5699527777777778
0715,0.6301611111111111,0.7719972222222222,0.5400166666666667
0716,0.6960166666666666,0.8081694444444445,0.47215833333333335
0717,0.46225555555555553,0.4210638888888889,0.43593333333333334
0718,0.47455555555555556,0.8104833333333333,0.3849888888888889
0719,0.3677916666666667,0.8467638888888889,0.34965277777777776
0720,0.32201944444444447,0.3085777777777778,0.2992194444444444
0721,0.6764222222222223,0.5072416666666667,0.5355527777777778
0722,0.7296722222222223,0.5996861111111111,0.6455722222222222
0723,0.8427222222222223,0.7353111111111111,0.7489222222222223
0724,0.9264527777777778,0.9135222222222222,0.7921388888888888
0725,0.9531722222222222,0.975275,0.3974388888888889
0726,0.9646611111111111,0.9803944444444445,0.5126388888888889
0727,0.7093027777777777,0.38689444444444443,0.3514305555555556
0728,0.9738111111111111,1.0,1.0
0729,0.5801027777777777,0.24659444444444445,0.256525
0730,0.9434083333333333,0.9822888888888889,0.9118944444444445
0731,0.9219777777777778,0.900475,0.7661111111111111
0732,0.8446277777777778,0.803525,0.7248138888888889
0733,0.7414333333333334,0.5912388888888889,0.5460888888888888
0734,0.6238,0.5411694444444445,0.5200972222222222
0735,0.547775,0.5413388888888889,0.5037055555555555
0736,0.6904333333333333,0.5912944444444445,0.49461666666666665
0737,0.4201472222222222,0.6318916666666666,0.3806305555555556
0738,0.5965222222222222,0.2130277777777778,0.248675
0739,0.6022444444444445,0.38689444444444443,0.3514305555555556
0740,0.5462888888888889,0.2936666666666667,0.3285111111111111
0741,0.47249444444444444,0.3003138888888889,0.33069444444444446
0742,0.6606638888888889,0.34955277777777777,0.3204
0743,0.43828055555555556,0.5498277777777778,0.43421944444444444
0744,0.7513694444444444,0.7390972222222222,0.6658722222222222
0745,0.9472805555555556,0.9261138888888889,0.8500388888888889
0746,0.6170027777777778,0.1451611111111111,0.4216
0747,0.21164166666666667,0.04828333333333333,0.383
0748,0.730775,0.6528944444444444,0.6140388888888889
0749,0.47594722222222224,0.4286027777777778,0.42086666666666667
0750,0.37553333333333333,0.30538611111111114,0.2933777777777778
0751,0.5689611111111111,0.4040944444444444,0.38553333333333334
0752,0.6743527777777778,0.43569444444444444,0.3838
0753,0.26652777777777775,0.4528,0.2874138888888889
0754,0.6310944444444444,0.48989166666666667,0.17349722222222222
0755,0.26274444444444445,0.07680555555555556,0.11565833333333334
0756,0.33296944444444443,0.5179388888888888,0.09008055555555555
0757,0.5119666666666667,0.1451611111111111,0.4216
0758,0.2652555555555556,0.18191944444444444,0.20821111111111112
0759,0.4542,0.34089444444444444,0.35794722222222225
0760,0.5542222222222222,0.4527833333333333,0.38415
0761,0.9346055555555556,0.5868222222222222,0.5281361111111111
0762,0.8095138888888889,0.7931027777777778,0.7229083333333334
0763,0.9180416666666666,0.9677083333333333,0.87025
0764,0.1620111111111111,0.11233888888888889,0.4767777777777778
0765,0.3867055555555556,0.17536944444444444,0.18240277777777777
0766,0.9665111111111111,0.9685388888888888,0.9461638888888889
0767,0.8611805555555555,0.8511555555555556,0.8320166666666666
0768,0.6909722222222222,0.695825,0.6681027777777778
0769,0.6198861111111111,0.5968444444444444,0.5684361111111111
0770,0.5599222222222222,0.5550305555555556,0.5307722222222222
0771,0.6443138888888889,0.5234,0.49418055555555557
0772,0.517025,0.512825,0.4590388888888889
0773,0.8070166666666667,0.5366083333333334,0.44025555555555557
0774,0.5360694444444445,0.5139055555555555,0.36859722222222224
0775,0.346875,0.3216861111111111,0.32840277777777777
0776,0.679325,0.5212777777777777,0.37914166666666665
0777,0.5207944444444444,0.62075,0.3860638888888889
0778,0.15608611111111112,0.11233888888888889,0.4767777777777778
0779,0.4807166666666667,0.4800388888888889,0.48586111111111113
0780,0.6136888888888888,0.6144861111111111,0.61765
0781,0.7333916666666667,0.773075,0.7551444444444444
0782,0.5476638888888888,0.12233888888888889,0.157175
0783,0.6242722222222222,0.23795555555555556,0.5957638888888889
0784,0.36535555555555554,0.17989166666666667,0.228125
0785,0.6695472222222222,0.6140527777777778,0.6670861111111112
0786,0.5408611111111111,0.4549361111111111,0.5524472222222222
0787,0.5127416666666667,0.41154722222222223,0.5057194444444445
0788,0.5884861111111112,0.4916888888888889,0.5879
0789,0.681675,0.6242527777777778,0.6664472222222222
0790,0.9041972222222222,0.780725,0.7944555555555556
0791,0.36532777777777775,0.24196944444444443,0.3100638888888889
0792,0.32215555555555553,0.12233888888888889,0.157175
0793,0.3465888888888889,0.21805833333333333,0.2839183065643137
0794,0.26056944444444446,0.11685277777777778,0.2568493055536262
0795,0.45989166666666664,0.012808333333333333,0.37855138499152613
0796,0.3778638888888889,0.04526666666666666,0.3171555555555556
0797,0.1232,0.019916666666666666,0.18913611111111112
0798,0.643575,0.3520638888888889,0.6235361111111111
0799,0.13569444444444445,0.06535555555555556,0.10866944444444444
0800,0.21707222222222222,0.1061861111111111,0.18331944444444445
0801,0.06316666666666666,0.019916666666666666,0.18913611111111112
0802,0.30546944444444446,0.11763333333333334,0.2154093641991087
0803,0.39896944444444443,0.14263055555555557,0.24538655168006757
0804,0.3045277777777778,0.06243611111111111,0.15564649891229151
0805,0.2406,0.04488333333333333,0.1083441920167145
0806,0.25758888888888887,0.04729166666666667,0.23972222222222223
0807,0.39129722222222224,0.14269722222222223,0.40565833333333334
0808,0.4532888888888889,0.3605111111111111,0.4269833333333333
0809,0.5548527777777778,0.4353361111111111,0.48163055555555556
0810,0.5471,0.48305,0.5224055555555556
0811,0.3822861111111111,0.3605111111111111,0.4269833333333333
0812,0.6064777777777778,0.468675,0.5128
0813,0.492575,0.4906333333333333,0.5222379044581387
0814,0.6033333333333334,0.5205,0.5514417012574947
0815,0.6281,0.4927694444444444,0.5790972222222223
0816,0.6860555555555555,0.5061055555555556,0.6193027777777778
0817,0.8106416666666667,0.5622555555555555,0.7086444444444444
0818,0.34021666666666667,0.6993555555555555,0.3329138888888889
0819,0.6289444444444444,0.7854888888888889,0.6146416666666666
0820,0.8057472222222222,0.9234555555555556,0.7975916666666667
0821,0.9197861111111111,0.9934722222222222,0.8899388888888888
0822,0.8194833333333333,0.9040583333333333,0.8203083333333333
0823,0.5636166666666667,0.7057972222222222,0.5839444444444445
0824,0.3289916666666667,0.4106611111111111,0.33058055555555554
0825,0.07113611111111111,0.082925,0.0886
0826,0.029005555555555555,0.029019444444444445,0.026811111111111112
0827,0.13240555555555555,0.1451611111111111,0.1305388888888889
0828,0.2537916666666667,0.283925,0.24901666666666666
0829,0.8426,1.0,1.0
0830,0.3318277777777778,0.9303916666666666,0.32348055555555555
0831,0.8232666666666667,1.0,1.0
0832,0.350075,0.86995,0.33505277777777775
0833,0.5073527777777778,0.864225,0.486575
0834,0.6843111111111111,0.9273083333333333,0.6725972222222222
0835,0.8746055555555555,0.9954472222222223,0.8568777777777777
0836,0.9130277777777778,0.9986388888888889,0.8956916666666667
0837,0.7717111111111111,0.9094055555555556,0.7608944444444444
0838,0.5689944444444445,0.6953833333333334,0.5745166666666667
0839,0.3587611111111111,0.409925,0.33187222222222224
0840,0.12083888888888888,0.180675,0.13694166666666666
0841,0.0354,0.027458333333333335,0.15049166666666666
0842,0.06124444444444444,0.06340555555555556,0.057147222222222224
0843,0.9277722222222222,1.0,1.0
0844,0.16092777777777778,0.17918333333333333,0.16209722222222223
0845,0.24804166666666666,0.28260277777777776,0.24688055555555555
0846,0.8205222222222223,1.0,1.0
0847,0.8829083333333333,1.0,1.0
0848,0.7747277777777778,1.0,0.7799638888888889
0849,0.593225,1.0,0.5987111111111111
0850,0.4641222222222222,0.9998305555555556,0.45727222222222225
0851,0.4292416666666667,0.9971,0.42338333333333333
0852,0.43041666666666667,0.9573888888888888,0.41135
0853,0.8220277777777778,0.9980055555555556,0.8166305555555555
0854,0.5655416666666667,0.9996444444444444,0.5565638888888889
0855,0.9237888888888889,1.0,1.0
0856,0.5210527777777778,0.9924333333333333,0.5256972222222223
0857,0.5383083333333334,0.9998361111111111,0.5226833333333334
0858,0.5153972222222222,1.0,0.5155444444444445
0859,0.5468888888888889,0.9998444444444444,0.5261416666666666
0860,0.554875,0.974925,0.5342777777777777
0861,0.5105722222222222,0.9116416666666667,0.50705
0862,0.4073277777777778,0.7566444444444445,0.37988333333333335
0863,0.2730722222222222,0.5740638888888889,0.23257222222222224
0864,0.13171944444444444,0.3752361111111111,0.11935833333333333
0865,0.05981388888888889,0.2243777777777778,0.3860222222222222
0866,0.038858333333333335,0.146175,0.365325
0867,0.9735361111111112,1.0,1.0
0868,0.09363055555555555,0.15444166666666667,0.08232222222222223
0869,0.11093333333333333,0.15141944444444444,0.11080833333333333
0870,0.8220277777777778,0.9980055555555556,0.8166305555555555
0871,0.9657888888888889,1.0,1.0
0872,0.906725,1.0,1.0
0873,0.7998083333333333,1.0,0.7880444444444444
0874,0.7556277777777778,1.0,0.7470555555555556
0875,0.7087833333333333,1.0,0.6999777777777778
0876,0.6404916666666667,0.9989111111111111,0.63015
0877,0.054955555555555556,0.4781666666666667,0.34350555555555556
0878,0.27184166666666665,0.26634166666666664,0.2455
0879,0.46981944444444446,0.4576277777777778,0.404325
0880,0.5231888888888889,0.5750944444444445,0.49010555555555557
0881,0.6489416666666666,0.6836305555555555,0.6257638888888889
0882,0.7099805555555555,0.7466777777777778,0.7014777777777778
0883,0.7196277777777778,0.7719694444444445,0.715575
0884,0.7868777777777778,0.8356166666666667,0.7730055555555555
0885,0.8087138888888888,0.8898805555555556,0.7609972222222222
0886,0.8392638888888889,0.9485583333333333,0.7832944444444444
0887,0.9400833333333334,0.99835,0.48669444444444443
0888,0.02155,0.23244722222222222,0.36417777777777777
0889,0.8131666666666667,1.0,1.0
0890,0.7276055555555555,1.0,1.0
0891,0.004069444444444444,0.013941666666666666,0.3756777777777778
0892,0.11500833333333334,0.10998888888888889,0.10055277777777778
0893,0.2647277777777778,0.22842777777777779,0.20693333333333333
0894,0.36199444444444445,0.2881416666666667,0.2539222222222222
0895,0.40591666666666665,0.37823055555555557,0.3479527777777778
0896,0.4543277777777778,0.4084638888888889,0.37393333333333334
0897,0.5064166666666666,0.47430555555555554,0.43004722222222225
0898,0.602975,0.6117333333333334,0.5262444444444444
0899,0.6847388888888889,0.7399055555555556,0.6019111111111111
0900,0.7632333333333333,0.8651083333333334,0.6641083333333333
0901,0.7823083333333334,0.9485722222222223,0.7532888888888889
0902,0.8746555555555555,0.9893638888888889,0.8508083333333334
0903,0.8747388888888888,0.9970888888888889,0.9227861111111111
0904,0.20659166666666667,0.18443055555555554,0.2050722222222222
0905,0.37144166666666667,0.3449138888888889,0.346625
0906,0.5424277777777777,0.5243666666666666,0.48135555555555554
0907,0.542775,0.6939138888888889,0.4764111111111111
0908,0.6668861111111111,0.8449333333333333,0.44735
0909,0.72165,0.9265194444444445,0.5643388888888888
0910,0.7561861111111111,0.9734194444444444,0.7072305555555556
0911,0.16154166666666667,0.3813638888888889,0.3365472222222222
0912,0.19398055555555554,0.12432777777777777,0.11931666666666667
0913,0.5556194444444444,0.9543611111111111,0.32905555555555555
0914,0.23132222222222223,0.132625,0.151025
0915,0.2945888888888889,0.18315277777777778,0.1817361111111111
0916,0.3426138888888889,0.29125,0.27087222222222224
0917,0.43169444444444444,0.42061944444444443,0.39164444444444446
0918,0.6531722222222223,0.6392333333333333,0.5458611111111111
0919,0.7160138888888888,0.7851333333333333,0.512825
0920,0.80655,0.9222861111111111,0.3234916666666667
0921,0.8312555555555555,0.9956055555555555,0.5236305555555556
0922,0.8450083333333334,1.0,0.6396777777777778
0923,0.7251305555555555,1.0,0.6983527777777778
0924,0.644125,1.0,0.5999305555555555
0925,0.46649722222222223,0.8066611111111112,0.4745861111111111
0926,0.43864166666666665,1.0,0.3850277777777778
0927,0.3045583333333333,1.0,0.22672777777777778
0928,0.2876111111111111,0.5807694444444444,0.35307222222222223
0929,0.2318138888888889,0.39186944444444444,0.18738055555555555
0930,0.22593611111111112,0.3224138888888889,0.14018055555555556
0931,0.23730555555555555,0.2732361111111111,0.15716944444444444
0932,0.20248888888888888,0.22155,0.16127777777777777
0933,0.2114388888888889,0.18711944444444445,0.1616861111111111
0934,0.4541527777777778,1.0,0.33389166666666664
0935,0.5244527777777778,0.4131638888888889,0.3651083333333333
0936,0.4648083333333333,0.9431444444444445,0.32453611111111114
0937,0.4745,0.4368416666666667,0.39614444444444447
0938,0.6084583333333333,0.5064388888888889,0.44461944444444446
0939,0.7160444444444445,0.6049472222222222,0.5157166666666667
0940,0.7775138888888888,0.7317611111111111,0.5891
0941,0.8376444444444444,0.8404777777777778,0.5631027777777777
0942,0.8757444444444444,0.9964388888888889,0.4818777777777778
0943,0.8389777777777778,1.0,0.8053222222222223
0944,0.4172777777777778,0.7787972222222223,0.44103055555555554
0945,0.6553666666666667,1.0,0.5651722222222222
0946,0.4119888888888889,1.0,0.3607638888888889
0947,0.4787111111111111,1.0,0.33389166666666664
0948,0.3713861111111111,0.6354027777777778,0.30325277777777776
0949,0.3587916666666667,0.48343055555555553,0.25913055555555553
0950,0.4190583333333333,0.47480833333333333,0.2574138888888889
0951,0.6151638888888888,0.5219888888888888,0.347475
0952,0.48240833333333333,0.4887222222222222,0.38204166666666667
0953,0.45923055555555553,0.4473861111111111,0.39460555555555554
0954,0.6128944444444444,1.0,0.6283861111111111
0955,0.8447916666666667,0.9078194444444444,0.8175305555555555
0956,0.6809444444444445,0.9638888888888889,0.6173194444444444
0957,0.8499388888888889,0.9169138888888889,0.7912527777777778
0958,0.8688527777777778,0.9412138888888889,0.7959722222222222
0959,0.8695111111111111,0.9651277777777778,0.798175
0960,0.9011611111111111,0.9896166666666667,0.29055555555555557
0961,0.9517222222222222,1.0,0.4037027777777778
0962,0.9508361111111111,1.0,0.5163583333333334
0963,0.9809222222222223,1.0,0.5202361111111111
0964,0.9502555555555555,1.0,1.0
0965,0.5817527777777778,0.8911916666666667,0.5465361111111111
0966,0.8536166666666667,1.0,0.7878722222222222
0967,0.7198833333333333,1.0,0.6268777777777778
0968,0.6566972222222223,1.0,0.6283861111111111
0969,0.6003722222222222,0.8589888888888889,0.5073638888888888
0970,0.659875,0.8549666666666667,0.5541277777777778
0971,0.7323583333333333,0.8697027777777778,0.6184166666666666
