filename,altitude,relative_altitude,azimuth,thin_sky_cover,opaque_sky_cover,cloud_cover_fixed,cloud_cover_hybrid_mce,cloud_cover_hybrid_otsu,cloud_cover_hybrid_kmeans,thin_cloud_cover_TSI,opaque_cloud_cover_TSI,cloud_cover_TSI,energy,entropy,contrast,homogeneity,outside_c,outside_s,horizon_c,horizon_s,inner_c,inner_s,sun_c,sun_s
2018020708340,10.00384059012712,0.43811308254390574,131.28241923716934,0.0307587460245343,0.03805088596092685,0.06880963198546115,0,0,0,0.01951566298215842,0.01596110626977939,0.03547676925193781,,,,,101,20368,2584,3444,12,17102,409,0
2018020708350,10.119582208734723,0.4431819275389811,131.49729148356636,0.03125568285142753,0.03837061283869794,0.06962629569012548,0,0,0,0.022049048819619527,0.014393765757506304,0.03644281457712583,,,,,102,20367,2571,3431,22,17064,435,0
2018020708360,10.234941041653647,0.44823400863058266,131.71245367667524,0.02983380256107529,0.038870220688402506,0.0687040232494778,0,0,0,0.02138436855374742,0.014783405913362366,0.03616777446710979,,,,,92,20375,2541,3477,8,17103,448,0
2018020708370,10.349914946491925,0.45326923199374974,131.9279069083515,0.030083552810825538,0.038234492779947324,0.06831804559077287,0,0,0,0.021683819652967198,0.014715657734888945,0.03639947738785614,,,,,81,20386,2534,3483,15,17096,449,0
2018020708380,10.46450177776261,0.4582875036679789,132.14365225266883,0.03177845874475088,0.03808875269549427,0.06986721144024516,0,0,0,0.019995413895895438,0.01648704425590461,0.03648245815180005,,,,,86,20378,2554,3442,22,17094,479,0
2018020708390,10.578699386950252,0.46328872956013456,132.3596907657527,0.04572375138986589,0.09215094510880664,0.13787469649867254,0,0,0,0.03126646356827084,0.09125684311794215,0.12252330668621299,,,,,1285,19179,3754,2244,636,16487,484,0
2018020708400,10.692505622555288,0.4682728154463939,132.576023485553,0.03019578484085392,0.035980852560176045,0.06617663740102997,0,0,0,0.02070707070707071,0.00980257116620753,0.03050964187327824,,,,,53,20410,2415,3556,10,17130,505,0
2018020708410,10.805918330180385,0.47323966697602726,132.79265143170701,0.02845934055966257,0.0370538346410268,0.06551317520068937,0,0,0,0.022716842588343278,0.009958696649839376,0.03267553923818266,,,,,48,20382,2378,3631,17,17130,512,0
2018020708420,10.918935352564889,0.4781891896729078,133.0095756053491,0.029729239421288946,0.03621479432173795,0.0659440337430269,0,0,0,0.018989519069788775,0.011512969291103823,0.0305024883608926,,,,,48,20414,2400,3576,11,17136,513,0
2018020708430,11.031554529660863,0.48312128893884065,133.22679698890707,0.03020545149439884,0.03571590548324187,0.0659213569776407,0,0,0,0.0208199430722615,0.010100082637039758,0.030920025709301257,,,,,44,20419,2410,3565,10,17137,513,0
2018020708440,11.143773698702054,0.4880358700565839,133.4443165459243,0.028427524559293964,0.03566485922363137,0.06409238378292534,0,0,0,0.018969072164948454,0.009942726231386026,0.02891179839633448,,,,,39,20427,2304,3633,9,17131,534,0
2018020708450,11.255590694275881,0.4929328381930009,133.66213522093085,0.029278256922378575,0.034816159782115295,0.06409441670449387,0,0,0,0.020356234096692113,0.009536253811062972,0.029892487907755085,,,,,39,20425,2299,3644,16,17101,536,0
2018020708460,11.367003348371663,0.49781209840117263,133.88025393917238,0.028798727128082735,0.0349357881577452,0.06373451528582794,0,0,0,0.019773622949317202,0.00937127669324535,0.029144899642562554,,,,,40,20424,2267,3629,16,17071,548,0
2018020708470,11.478009490473987,0.5026735556244867,134.09867360646956,0.028980565973406067,0.03461757017842937,0.06359813615183543,0,0,0,0.0182447454674643,0.009053611130211556,0.027298356597675856,,,,,34,20434,2293,3624,11,17076,523,0
2018020708480,11.58860694761987,0.5075171146991405,134.31739510904714,0.02995794976701898,0.03416297306512104,0.06412092283214002,0,0,0,0.020204334081642003,0.00712420396756311,0.02732853804920511,,,,,31,20437,2278,3613,13,17074,549,0
2018020708490,11.698793544484507,0.5123426803578968,134.53641931332527,0.03002293734244771,0.035359843753548476,0.06538278109599618,0,0,0,0.02093881010744313,0.007972325949004605,0.028911136056447732,,,,,35,20433,2341,3565,24,17087,548,0
2018020708500,11.80856710344693,0.5171501572329587,134.75574706571157,0.029387050621125066,0.03588217927463493,0.06526922989576,0,0,0,0.01897820257168397,0.009236975406266473,0.028215177977950444,,,,,31,20437,2315,3564,21,17090,575,0
2018020708510,11.917925444671516,0.5219394498595401,134.9753791924675,0.028228828378715962,0.037358344877705355,0.06558717325642131,0,0,0,0.02275542505849429,0.009978437399642152,0.03273386245813644,,,,,31,20436,2306,3547,15,17096,602,0
2018020708520,12.026866386182595,0.5267104626791324,135.1953164994653,0.029409760861172304,0.038312174959689325,0.06772193582086163,0,0,0,0.023296915167095117,0.010053250091810503,0.03335016525890562,,,,,33,20402,2412,3500,20,17091,575,0
2018020708530,12.135387743951357,0.5314631000433108,135.4155597720102,0.02934163014103059,0.03906161288124815,0.06840324302227874,0,0,0,0.026405138793301215,0.011011699931176875,0.03741683872447809,,,,,33,20435,2432,3420,18,17093,602,0
2018020708540,12.24348733198169,0.5361972662174934,135.63610977470506,0.029116945107398567,0.039413569723832254,0.06853051483123082,0,0,0,0.025300790649707805,0.012123295519651656,0.03742408616935946,,,,,34,20434,2416,3422,20,17067,602,0
2018020708550,12.351162962376673,0.5409128653838536,135.85696725117296,0.030117058756676893,0.03932265030117059,0.06943970905784748,0,0,0,0.02428296527077797,0.012943278658480712,0.03722624392925868,,,,,40,20428,2434,3378,21,17066,628,0
2018020708560,12.458412445435622,0.5456098016455699,136.07813292391492,0.02982157063302648,0.039231730878508925,0.06905330151153541,0,0,0,0.02627419539571641,0.012232275798877562,0.03850647119459397,,,,,41,20423,2437,3379,11,17076,628,0
2018020708570,12.565233589746642,0.5502879790308788,136.29960749412416,0.02993876162395101,0.040145157632116124,0.07008391925606713,0,0,0,0.026561460650962224,0.01351010390623208,0.0400715645571943,,,,,33,20431,2442,3372,7,17122,683,0
2018020708580,12.671624202269038,0.5549473014966848,136.52139164148215,0.03041153009427121,0.04035986221899927,0.07077139231327048,0,0,0,0.025435963243887347,0.014230390247255895,0.03966635349114324,,,,,36,20430,2493,3349,14,17148,658,0
2018020708590,12.777582088414917,0.5595876729321334,136.74348602394693,0.031009157675219876,0.039940157765889925,0.0709493154411098,0,0,0,0.027214001007925964,0.012232556008613185,0.03944655701653915,,,,,38,20428,2468,3346,9,17146,681,0
2018020709000,12.88310505216261,0.5642089971635788,136.96589127760487,0.029792540528284776,0.03922457771227752,0.0690171182405623,0,0,0,0.02513473225547529,0.01275083132668272,0.03788556358215801,,,,,37,20425,2394,3420,3,17147,679,0
2018020709010,12.988190896126357,0.5688111779576351,137.18860801642796,0.02999659902505385,0.03793220723274005,0.0679288062577939,0,0,0,0.02200247785986326,0.012802275960170697,0.03480475382003396,,,,,29,20401,2310,3509,6,17144,706,0
2018020709020,13.092837421673483,0.5733941190263091,137.41163683212554,0.029038771296989497,0.03734204496472243,0.06638081626171193,0,0,0,0.025828482376128708,0.00928175276160792,0.03511023513773663,,,,,28,20435,2261,3519,2,17138,696,0
2018020709030,13.197042429012326,0.5779577240308498,137.63497829393233,0.028977285620277293,0.03598901722299122,0.06496630284326851,0,0,0,0.020990571448234727,0.01147025762198619,0.032460829070220916,,,,,27,20437,2212,3573,3,17120,697,0
2018020709040,13.300803717285595,0.5825018965858375,137.8586329484028,0.027965043695380776,0.035728067188741344,0.06369311088412212,0,0,0,0.022123995144630464,0.009069463848109383,0.03119345899273985,,,,,29,20435,2115,3639,3,17113,721,0
2018020709050,13.404119084677353,0.5870265402638696,138.0826013192322,0.027881209699391517,0.034510943601852695,0.062392153301244216,0,0,0,0.018756870648589226,0.009160864785635764,0.02791773543422499,,,,,26,20441,2070,3680,0,17111,716,0
2018020709060,13.506986328521213,0.591531558600298,138.30688390707488,0.02833530106257379,0.03462446644264826,0.06295976750522204,0,0,0,0.021673387096774195,0.009484970674486804,0.031158357771260997,,,,,25,20442,2073,3649,0,17111,744,0
2018020709070,13.60940324539913,0.5960168550975563,138.53148118934143,0.028547420058139535,0.03431595203488372,0.06286337209302326,0,0,0,0.019143576826196475,0.00993817265857568,0.029081749484772157,,,,,30,20439,2067,3651,3,17101,741,0
2018020709080,13.711367631240398,0.600482333229495,138.75639361998478,0.028801634135270086,0.03492964139809351,0.0637312755333636,0,0,0,0.020174032516601787,0.00822074650790016,0.028394779024501948,,,,,27,20442,2070,3621,4,17128,768,0
2018020709090,13.812877281439722,0.6049278964465529,138.98162162935827,0.028649262202043134,0.03427922814982974,0.06292849035187287,0,0,0,0.021432496794284668,0.008151676131159554,0.02958417292544422,,,,,28,20439,2072,3649,0,17128,734,0
2018020709100,13.913929990964292,0.6093534481804456,139.20716562396342,0.027741203178206584,0.033030646992054484,0.06077185017026107,0,0,0,0.022420393847000297,0.006464776139932601,0.0288851699869329,,,,,28,20439,1945,3748,2,17126,762,0
2018020709110,14.014523554466635,0.6137588918491084,139.43302598631232,0.03008628519527702,0.03276566757493188,0.0628519527702089,0,0,0,0.02181142634343249,0.005343914130409853,0.02715534047384234,,,,,29,20438,2033,3661,10,17112,757,0
2018020709120,14.114655766388909,0.6181441308612635,139.65920307471777,0.027512722646310432,0.03405579789167575,0.061568520537986185,0,0,0,0.023677997570311964,0.006509730212941527,0.03018772778325349,,,,,27,20420,1957,3731,2,17096,782,1
2018020709130,14.214324421090636,0.6225090686220144,139.885697223081,0.02942780529927737,0.032881879743671315,0.06230968504294869,0,0,0,0.02226859921108155,0.006834235391248509,0.029102834602330062,,,,,24,20423,2000,3684,0,17095,779,1
2018020709140,14.31352731294965,0.6268536085372661,140.11250874071823,0.029412433231048984,0.032276395044891465,0.06168882827594045,0,0,0,0.02259032694114143,0.0056132151121497465,0.028203542053291175,,,,,25,20436,1953,3690,1,17088,802,0
2018020709150,14.412262236500036,0.6311776540197668,140.33963791221638,0.027912262757131493,0.0319127173542448,0.0598249801113763,0,0,0,0.020683968206702246,0.005772270197219232,0.02645623840392148,,,,,25,20436,1897,3777,1,17088,771,0
2018020709160,14.510526986536926,0.6354811084936971,140.56708499715918,0.0274286492127592,0.032623984754299194,0.06005263396705839,0,0,0,0.02177197802197802,0.005357142857142857,0.02712912087912088,,,,,26,20449,1851,3796,3,17126,827,0
2018020709170,14.608319358239362,0.6397638754000508,140.79485022999333,0.027655519760424702,0.0323063659875675,0.0599618857479922,0,0,0,0.02090201465201465,0.0054487179487179484,0.026350732600732597,,,,,25,20450,1863,3784,0,17129,826,1
2018020709180,14.705637147299262,0.6440258582022826,141.0229338198555,0.02701600108789266,0.031684873759122434,0.0587008748470151,0,0,0,0.021048533015734866,0.005290762923432812,0.02633929593916768,,,,,27,20435,1770,3867,3,17161,852,7
2018020709190,14.802478150046023,0.6482669603917655,141.25133595033213,0.026351596516690855,0.03265602322206096,0.059007619738751814,0,0,0,0.01967378125500423,0.006313911193466475,0.025987692448470705,,,,,25,20437,1795,3836,6,17147,848,2
2018020709200,14.898840163574244,0.6524870854933841,141.48005677933054,0.025065783504219216,0.03189365756283459,0.056959441067053806,0,0,0,0.017267834650177488,0.0051070651551585935,0.02237489980533608,,,,,25,20437,1679,3927,7,17128,872,9
2018020709210,14.994720985863896,0.6566861370707974,141.70909643887484,0.027204864656365575,0.03067637782769496,0.057881242484060534,0,0,0,0.017915645261059817,0.0044216362345070905,0.022337281495566907,,,,,25,20435,1714,3900,5,17125,865,4
2018020709220,15.090118415924124,0.6608640187327364,141.93845503490198,0.02537161012141155,0.031203903324634064,0.05657551344604561,0,0,0,0.01896038470345775,0.004488207007098695,0.023448591710556445,,,,,25,20427,1666,3955,4,17121,855,12
2018020709230,15.18503025390952,0.6650206341380965,142.16813264709705,0.02596930899845637,0.03016889131026968,0.05613820030872605,0,0,0,0.017540645752232655,0.005839248912296771,0.023379894664529426,,,,,26,20431,1619,3969,5,17116,873,13
2018020709240,15.2794543012752,0.669155887002729,142.39812932875822,0.026922727685462635,0.0322800326886407,0.05920276037410334,0,0,0,0.021556557358291952,0.005720954712922492,0.027277512071214444,,,,,25,20466,1770,3784,9,17112,874,12
2018020709250,15.373388360887793,0.6732696811043014,142.62844510653485,0.028500704001453422,0.03247490575464414,0.06097560975609756,0,0,0,0.021643635032488333,0.005468106525121259,0.027111741557609592,,,,,25,20433,1834,3725,3,17110,882,22
2018020709260,15.466830237184231,0.6773619202892521,142.85907998029768,0.027478766407775808,0.03195258209565336,0.05943134850342917,0,0,0,0.01977052477601024,0.0055997440117023225,0.025370268787712563,,,,,26,20432,1751,3808,7,17106,895,9
2018020709270,15.559777736297056,0.6814325084782777,143.09003392298393,0.02663850660852977,0.03022664304855339,0.05686514965708316,0,0,0,0.02030689016442178,0.0046193601500148646,0.024926250314436644,,,,,25,20433,1627,3906,7,17106,910,20
2018020709280,15.652228666195267,0.6854813496725017,143.32130688036983,0.02863241070820372,0.030993846642900932,0.05962625735110465,0,0,0,0.01820052589459243,0.0064936549674174,0.02469418086200983,,,,,25,20436,1779,3785,9,17111,888,8
2018020709290,15.744180836845503,0.6895083479605328,143.55289877094512,0.027656047773665447,0.03147067505279172,0.059126722826457166,0,0,0,0.01911586273208031,0.006135390673290447,0.02525125340537076,,,,,25,20428,1749,3799,9,17111,896,24
2018020709300,15.835632060328953,0.6935134075235858,143.7848094857307,0.02800554205373975,0.03179866899856906,0.05980421105230881,0,0,0,0.018441403926234383,0.0063149224362787715,0.024756326362513154,,,,,25,20429,1750,3794,5,17109,900,15
2018020709310,15.926580151000996,0.6974964326424722,144.01703888809016,0.027808069792802616,0.03162486368593239,0.059432933478735,0,0,0,0.019236494377905512,0.006251860672819291,0.025488355050724804,,,,,26,20462,1734,3749,5,17104,904,32
2018020709320,16.017022925641104,0.7014573277041655,144.24958681356887,0.02677822370360293,0.03283223363490012,0.05961045733850305,0,0,0,0.01944590606483494,0.006886138500606254,0.026332044565441193,,,,,25,20430,1716,3812,6,17143,945,26
2018020709330,16.106958203601398,0.705395997208307,144.4824530697859,0.028546810874543683,0.030678185157472282,0.05922499603201596,0,0,0,0.01572514191540011,0.006729536714887383,0.022454678630287495,,,,,24,20430,1667,3837,4,17145,972,24
2018020709340,16.196383806944706,0.7093123457732523,144.71563743618293,0.02812939521800281,0.03019372986706592,0.05832312508506873,0,0,0,0.01826713975048644,0.004189080920224333,0.02245622067071077,,,,,25,20429,1658,3846,1,17136,942,45
2018020709350,16.28529756061535,0.7132062781435502,144.94913966391124,0.02677497674207529,0.03097274851943455,0.05774772526150984,0,0,0,0.018929175620684927,0.0056924694801335106,0.024621645100818438,,,,,25,20429,1624,3891,2,17119,949,32
2018020709360,16.373697292576427,0.7170776991959552,145.18295947568893,0.02612287510496811,0.03088899480265995,0.05701186990762806,0,0,0,0.017108092036045925,0.005008919994510773,0.022117012030556698,,,,,25,20455,1574,3914,7,17109,966,11
2018020709370,16.461580833979433,0.7209265139468564,145.41709656562531,0.028671312796531293,0.029874463689814078,0.058545776486345374,0,0,0,0.018165615574444748,0.004204368887670232,0.02236998446211498,,,,,25,20422,1649,3846,3,17109,965,32
2018020709380,16.54894601931339,0.7247526275588081,145.65155059904615,0.02779101159282198,0.030989813743505977,0.05878082533632796,0,0,0,0.019281793229643185,0.005215004574565417,0.024496797804208603,,,,,25,20454,1645,3817,6,17136,985,11
2018020709390,16.6357906865625,0.7285559453474338,145.88632121240005,0.028585040495474036,0.030604142562217836,0.05918918305769187,0,0,0,0.018070773383352015,0.0048264977011231325,0.022897271084475146,,,,,25,20424,1664,3804,5,17137,988,32
2018020709400,16.72211267736971,0.7323363727885905,146.1214080130543,0.027976946814303866,0.03210655291341441,0.06008349972771827,0,0,0,0.01817349507896544,0.004921034561684596,0.023094529640650036,,,,,25,20456,1681,3728,2,17138,1003,39
2018020709410,16.807909837193098,0.7360938155252164,146.35681057916773,0.028780244223523536,0.030754913977030278,0.059535158200553814,0,0,0,0.017545063592277428,0.0049638576264983076,0.022508921218775735,,,,,25,20426,1662,3777,2,17131,995,40
2018020709420,16.893180015488664,0.739828179375337,146.59252845959568,0.029801625130509782,0.030868400744473196,0.06067002587498298,0,0,0,0.01981920128161117,0.005080672845863371,0.02489987412747454,,,,,24,20430,1745,3702,1,17132,984,40
2018020709430,16.977921065845138,0.7435393703379681,146.82856117366904,0.027980922098569158,0.032932091755621166,0.060913013854190325,0,0,0,0.021339371483463702,0.0040254334202461,0.025364804903709803,,,,,25,20454,1722,3700,2,17108,996,23
2018020709440,17.062130846167918,0.7472272946011724,147.06490821110623,0.027367703838292075,0.03345446286622757,0.06082216670451965,0,0,0,0.021602819351000047,0.004943017987093231,0.02654583733809328,,,,,24,20425,1739,3689,4,17106,992,51
2018020709450,17.145807218849068,0.7508918585495036,147.30156903188507,0.02766735570042932,0.03455012152738341,0.062217477227812734,0,0,0,0.02342321755027422,0.004981718464351005,0.028404936014625227,,,,,24,20457,1756,3639,5,17101,1011,30
2018020709460,17.22894805093158,0.7545329687712002,147.53854306610174,0.028356547226829655,0.03408238849378564,0.0624389357206153,0,0,0,0.022236950361093334,0.005690648139683701,0.027927598500777036,,,,,25,20424,1757,3646,2,17099,1026,32
2018020709470,17.311551214273006,0.758150532065352,147.77582971382236,0.027363636363636364,0.032090909090909094,0.059454545454545454,0,0,0,0.019329631914456098,0.0055064317865058145,0.024836063700961912,,,,,25,20456,1644,3726,4,17091,1012,42
2018020709480,17.393614585734095,0.7617444554501613,148.01342834500628,0.028181818181818183,0.032045454545454544,0.060227272727272727,0,0,0,0.02218714975182415,0.004345936549326379,0.026533086301150532,,,,,23,20453,1656,3695,1,17094,1026,52
2018020709490,17.475136047333304,0.7653146461697098,148.25133829933353,0.028430216740727307,0.033712705178198965,0.06214292191892627,0,0,0,0.02379862700228833,0.005377574370709382,0.02917620137299771,,,,,24,20417,1718,3675,1,17162,1075,36
2018020709500,17.556113486438093,0.7688610117023357,148.48955888613474,0.030286506259514234,0.03278576784131961,0.06307227410083385,0,0,0,0.022529734675205856,0.00610704483074108,0.028636779505946935,,,,,24,20448,1767,3602,4,17104,1038,26
2018020709510,17.636544795934086,0.7723834597680425,148.72808938425788,0.03002948514402359,0.03343161714674529,0.06346110229076889,0,0,0,0.021318405118245173,0.007288929509882326,0.0286073346281275,,,,,24,20418,1748,3658,12,17133,1075,22
2018020709520,17.7164278743977,0.775881898336059,148.966929041946,0.029530505783624404,0.0340440009072352,0.06357450669085961,0,0,0,0.023253686978392592,0.007088144506688008,0.0303418314850806,,,,,23,20451,1760,3591,1,17144,1083,37
2018020709530,17.79576062628207,0.7793562356329823,149.20607707674404,0.02940776038121171,0.035148627184025415,0.06455638756523713,0,0,0,0.024153927012636824,0.006284134274810904,0.030438061287447728,,,,,24,20440,1790,3570,3,17133,1092,18
2018020709540,17.874540962090574,0.782806380150376,149.44553267541508,0.02968005445881552,0.035647832992965735,0.06532788745178125,0,0,0,0.023408924652523776,0.0072924286759327,0.030701353328456474,,,,,25,20439,1834,3503,5,17131,1095,38
2018020709550,17.952766798575258,0.7862322406534614,149.68529499382143,0.030073993372372782,0.03686050206545917,0.06693449543783195,0,0,0,0.02590046365027522,0.007925450517324075,0.033825914167599294,,,,,24,20449,1890,3438,2,17127,1094,34
2018020709560,18.030436058892885,0.7896337261879514,149.9253631568167,0.030442678774120317,0.03757094211123723,0.06801362088535755,0,0,0,0.02499885849961189,0.009497283229076298,0.03449614172868819,,,,,24,20417,1910,3428,3,17122,1111,35
2018020709570,18.10754667280489,0.7930107460888065,150.1657362582059,0.03261338602348345,0.0385410279121528,0.07115441393563626,0,0,0,0.02972355494631026,0.008590358693168838,0.0383139136394791,,,,,23,20450,2048,3258,6,17101,1126,19
2018020709580,18.18409657686316,0.796363209988372,150.40641336059588,0.033067611455565395,0.038813563171401964,0.07188117462696736,0,0,0,0.028977558389323095,0.0112893642305407,0.040266922619863796,,,,,23,20441,2057,3236,3,17104,1143,24
2018020709590,18.260083714592657,0.7996910278243752,150.64739349537209,0.03173990094060981,0.03876039441995729,0.0705002953605671,0,0,0,0.027353747714808044,0.012020109689213894,0.03937385740402194,,,,,23,20441,2041,3287,3,17098,1103,18
2018020710000,18.335506036671447,0.8029941098478102,150.88867566259933,0.031012859544690324,0.03630662970872904,0.06731948925341937,0,0,0,0.02417456871929624,0.011081914772078144,0.035256483491374384,,,,,23,20442,1898,3407,5,17096,1103,40
2018020710010,18.41036150113415,0.8062723666318474,151.13025883092965,0.02951727896099178,0.036260841923618364,0.06577812088461014,0,0,0,0.025133665402367136,0.009025270758122744,0.03415893616048988,,,,,23,20442,1861,3444,1,17130,1099,42
2018020710020,18.484648073546044,0.8095257090794585,151.37214193755585,0.02849552699695745,0.036601425911629806,0.06509695290858726,0,0,0,0.027275842375785266,0.008292404340376928,0.0355682467161622,,,,,23,20441,1803,3481,1,17130,1127,36
2018020710030,18.558363727197523,0.812754048431933,151.61432388816166,0.029657173952475965,0.038182477779793215,0.06783965173226918,0,0,0,0.025312407191647818,0.011628172617823772,0.03694057980947159,,,,,23,20401,1895,3433,2,17159,1144,47
2018020710040,18.631506443310457,0.8159572962779149,151.8568035568437,0.030784959672838806,0.03735090310121549,0.0681358627740543,0,0,0,0.02477338630499806,0.012557937758293947,0.03733132406329201,,,,,23,20441,1909,3355,5,17104,1129,49
2018020710050,18.704074211204375,0.8191353645606814,152.09957978604325,0.030825413387166285,0.037993059178442624,0.06881847256560891,0,0,0,0.027699123127511875,0.008677383997077091,0.036376507124588967,,,,,24,20440,1904,3343,2,17141,1182,51
2018020710060,18.7760650285044,0.8222881655872488,152.34265138654703,0.028931245745405038,0.037690038574994325,0.06662128432039936,0,0,0,0.02756886501314436,0.008686707052234541,0.0362555720653789,,,,,23,20441,1805,3441,5,17130,1170,55
2018020710070,18.847476901337792,0.82541561203698,152.5860171373806,0.02945314272747901,0.03814386203766735,0.06759700476514635,0,0,0,0.027175154144781912,0.011007079241836035,0.03818223338661795,,,,,24,20430,1839,3398,7,17128,1171,73
2018020710080,18.918307844523845,0.8285176169699014,152.8296757858268,0.03102516965116543,0.03999001384444293,0.07101518349560836,0,0,0,0.029085176384573204,0.01313745201974045,0.04222262840431365,,,,,25,20429,2030,3246,7,17120,1152,52
2018020710090,18.988555881765173,0.8315940938350797,153.07362604736917,0.03204648101495654,0.03821974081387168,0.07026622182882822,0,0,0,0.025070210288375916,0.01383656414822933,0.03890677443660524,,,,,25,20433,1949,3302,6,17121,1201,24
2018020710100,19.058219045848706,0.8346449564794245,153.31786660564782,0.029036875468611546,0.03782973212459955,0.0668666075932111,0,0,0,0.02524560201050948,0.01085218185972127,0.03609778387023075,,,,,25,20465,1810,3407,2,17098,1168,38
2018020710110,19.127295378847062,0.8376701191565074,153.56239611244249,0.03226319496512394,0.03780701156476496,0.0700702065298889,0,0,0,0.02804997830009822,0.009913428812901163,0.037963407112999385,,,,,24,20430,1937,3297,12,17088,1183,42
2018020710120,19.195782932310525,0.8406694965349695,153.80721318771128,0.029642248722316866,0.03741056218057922,0.06705281090289608,0,0,0,0.024817351598173516,0.009520547945205479,0.03433789954337899,,,,,24,20432,1789,3444,5,17101,1208,22
2018020710130,19.263679767461042,0.8436430037070175,154.0523164194879,0.028461101646791595,0.037592277115275415,0.06605337876206702,0,0,0,0.02524515393386545,0.010034207525655644,0.0352793614595211,,,,,25,20431,1779,3434,5,17101,1167,83
2018020710140,19.33098395540519,0.8465905561977505,154.29770436392346,0.027902013758031193,0.036370240879061,0.0642722546370922,0,0,0,0.021543862848805398,0.012082801386102498,0.0336266642349079,,,,,25,20431,1687,3527,3,17131,1186,57
2018020710150,19.397693577317966,0.8495120699732087,154.5433755453076,0.031670715372216045,0.03730106477172112,0.06897178014393716,0,0,0,0.02725299828669332,0.010599657338663622,0.03785265562535694,,,,,24,20451,1908,3267,3,17131,1184,79
2018020710160,19.46380672464863,0.8524074614493886,154.78932845601696,0.02886471510003861,0.03869824904049236,0.06756296414053096,0,0,0,0.02486881131644992,0.013164499201460187,0.038033310517910104,,,,,25,20420,1819,3385,4,17124,1183,73
2018020710170,19.52932149933499,0.8552766475016272,155.03556155657478,0.03084190683836388,0.03681497127024142,0.0676568781086053,0,0,0,0.024022448327782088,0.010745083724962358,0.034767532052744445,,,,,26,20451,1798,3357,2,17116,1214,67
2018020710180,19.594236013978726,0.8581195454722802,155.2820732756533,0.029304195724767723,0.03732309579518866,0.06662729151995639,0,0,0,0.02470177679447118,0.010834112629154027,0.035535889423625205,,,,,27,20430,1762,3413,3,17110,1208,68
2018020710190,19.65854839206267,0.860936073180238,155.52886201007482,0.029517867271695974,0.03496313102665911,0.06448099829835507,0,0,0,0.01950852214388391,0.012161452985602483,0.03166997512948639,,,,,25,20420,1701,3508,4,17134,1190,93
2018020710200,19.7222567681546,0.8637261489298504,155.77592612484787,0.029154849688031764,0.03650595575723199,0.06566080544526376,0,0,0,0.023400615805679096,0.011312578401185996,0.03471319420686509,,,,,25,20451,1738,3440,3,17135,1195,88
2018020710210,19.78535928810229,0.8664896915194689,156.0232639532568,0.029776224411057147,0.03513231355816804,0.06490853796922519,0,0,0,0.020956854875490285,0.010056553862993705,0.03101340873848399,,,,,25,20418,1678,3514,3,17130,1207,87
2018020710220,19.847854109233314,0.869226620250197,156.27087379681103,0.02937237543979117,0.0337759618658495,0.06314833730564068,0,0,0,0.0203123218967286,0.009871195714122876,0.030183517610851474,,,,,26,20448,1650,3511,1,17128,1177,114
2018020710230,19.90973940057055,0.8719368549353281,156.5187539253413,0.028859471855770757,0.03394564156127245,0.0628051134170432,0,0,0,0.022858314911461064,0.009138767975569178,0.031997082887030244,,,,,25,20409,1637,3546,4,17111,1180,129
2018020710240,19.971013343016782,0.8746203159084297,156.7669025770649,0.027224631593288074,0.03201562180695261,0.05924025340024068,0,0,0,0.018814568177153414,0.006659216857853087,0.0254737850350065,,,,,26,20450,1453,3688,1,17114,1193,116
2018020710250,20.031674129575674,0.8772769240330216,157.0153179586254,0.025798832693661573,0.029818545182022572,0.055617377875684146,0,0,0,0.016655258955053615,0.0060689025781428246,0.022724161533196438,,,,,26,20451,1314,3809,2,17109,1164,158
2018020710260,20.09171996553839,0.8799066007107481,157.26399824513877,0.0270976241311952,0.029141870712760642,0.056239494843955844,0,0,0,0.017533445961371626,0.004132231404958678,0.021665677366330304,,,,,26,20451,1382,3739,3,17106,1134,185
2018020710270,20.151149068700967,0.8825092678908981,157.51294158031382,0.027262194152259354,0.028579866869618557,0.055842061021877915,0,0,0,0.015718033534846583,0.006980723166419528,0.02269875670126611,,,,,28,20437,1342,3776,1,17104,1150,179
2018020710280,20.209959669554756,0.8850848480787453,157.7621460764819,0.02504200154384053,0.0289470099441493,0.05398901148798983,0,0,0,0.015044792450249606,0.007157673983906631,0.022202466434156236,,,,,27,20409,1286,3861,4,17132,1134,193
2018020710290,20.26815001149292,0.8876332643445917,158.01160981469474,0.027292130239317015,0.028336587802552108,0.05562871804186913,0,0,0,0.01591572418825246,0.0045375775264502,0.020453301714702662,,,,,27,20450,1320,3770,4,17123,1152,196
2018020710300,20.325718351024662,0.8901544403331492,158.26133084486548,0.02541391292498467,0.030796484295155687,0.05621039722014036,0,0,0,0.019253115814896672,0.004078470687415982,0.023331586502312655,,,,,26,20435,1342,3805,8,17112,1148,155
2018020710310,20.382662957957432,0.8926483002715201,158.51130718578196,0.027253525924916536,0.029524653085326247,0.056778179010242784,0,0,0,0.01678449258836944,0.006248574686431015,0.023033067274800458,,,,,25,20436,1380,3752,6,17114,1150,168
2018020710320,20.43898211561096,0.8951147689785698,158.7615368252594,0.026836350437820424,0.03046594982078853,0.057302300258608954,0,0,0,0.018560269636309808,0.007902347931042336,0.026462617567352145,,,,,25,20442,1364,3763,3,17142,1184,159
2018020710330,20.49467412102081,0.8975537718738421,159.01201772025973,0.029263645025180345,0.0293770700058981,0.05864071503107844,0,0,0,0.01767090221797149,0.006877077925035296,0.024547980143006787,,,,,25,20427,1410,3717,2,17143,1213,145
2018020710340,20.549737285136406,0.8999652349862304,159.26274779699494,0.0275477092740929,0.0299757198938029,0.0575234291678958,0,0,0,0.018673902138720416,0.00563181175612203,0.024305713894842446,,,,,26,20440,1386,3726,3,17137,1195,156
2018020710350,20.604169933017648,0.9023490849625898,159.51372495102945,0.027353415204412868,0.030690304860054935,0.0580437200644678,0,0,0,0.018304080237064053,0.006564850695235924,0.024868930932299978,,,,,25,20471,1384,3683,8,17117,1204,161
2018020710360,20.657970404046726,0.9047052490770126,159.7649470474621,0.027739314008126573,0.030054706830408826,0.057794020838535395,0,0,0,0.018461117695323184,0.005971373871820586,0.02443249156714377,,,,,25,20444,1384,3696,7,17118,1200,179
2018020710370,20.711137052115806,0.9070336552390479,160.0164119210064,0.02756459742972617,0.028790699786567366,0.05635529721629354,0,0,0,0.018286573146292586,0.005032792858444161,0.023319366004736747,,,,,25,20429,1300,3795,4,17115,1210,164
2018020710380,20.763668245839835,0.9093342320030219,160.2681173761859,0.029562690159393307,0.028677171790563553,0.05823986194995686,0,0,0,0.018788858776105127,0.0037805461294950922,0.022569404905600218,,,,,26,20428,1368,3713,5,17114,1228,160
2018020710390,20.81556236873981,0.911606908576063,160.52006118746633,0.02786483172094291,0.028977608211836307,0.056842439932779217,0,0,0,0.01985247245241781,0.0037564884801019943,0.023608960932519806,,,,,28,20440,1329,3738,7,17109,1221,162
2018020710400,20.86681781946047,0.9138516148276367,160.77224109939436,0.029115188953488372,0.029319585755813952,0.05843477470930232,0,0,0,0.017619741395010016,0.005326898561282098,0.022946639956292113,,,,,26,20455,1390,3651,5,17110,1219,176
2018020710410,20.917433011951175,0.9160682812974664,161.02465482678343,0.027919127669241255,0.02928214447978192,0.05720127214902317,0,0,0,0.01937216872680917,0.003323544810944934,0.022695713537754104,,,,,25,20431,1327,3738,3,17110,1228,158
2018020710420,20.96740637566571,0.9182568392042838,161.27730005489957,0.02879021996000727,0.02954008362115979,0.05833030358116706,0,0,0,0.019097261739466916,0.0036191473379919422,0.02271640907745886,,,,,24,20462,1334,3687,9,17092,1265,135
2018020710430,21.016736355775418,0.9204172204551628,161.53017443962258,0.029381021632430466,0.028835666242501362,0.058216687874931825,0,0,0,0.019564919961691067,0.0037168787339809366,0.023281798695672005,,,,,25,20429,1355,3698,7,17094,1238,162
2018020710440,21.065421413340278,0.9225493576530125,161.78327560761426,0.02897661416785982,0.029294788754801026,0.05827140292266085,0,0,0,0.01796011396011396,0.005356125356125356,0.023316239316239315,,,,,25,20458,1380,3672,7,17087,1217,155
2018020710450,21.113460025513138,0.9246531841055206,162.0366011565639,0.030656735398310472,0.029839222454355527,0.060495957852665996,0,0,0,0.019754380368657294,0.00489872177538791,0.024653102144045203,,,,,24,20464,1469,3579,8,17121,1227,144
2018020710460,21.160850685741924,0.9267286338340093,162.2901486553249,0.02896874007531419,0.03012567487863527,0.05909441495394946,0,0,0,0.019497844975029075,0.004834553373925338,0.024332398348954412,,,,,24,20446,1384,3669,7,17145,1258,149
2018020710470,21.20759190395156,0.9287756415814029,162.54391564417864,0.028998661251162895,0.030382791404778654,0.05938145265594155,0,0,0,0.017999134218860357,0.0056959285502722655,0.02369506276913262,,,,,23,20461,1389,3650,11,17130,1267,140
2018020710480,21.25368220673101,0.9307941428204186,162.79789963502571,0.029157495858954868,0.03158539629234644,0.06074289215130131,0,0,0,0.018837447389375497,0.007302923444431805,0.026140370833807304,,,,,23,20434,1448,3606,11,17130,1266,153
2018020710490,21.299120137540765,0.9327840737626534,163.05209811158903,0.02893781207444394,0.03082160689968225,0.05975941897412619,0,0,0,0.018564440905471505,0.006324650210442498,0.024889091115914003,,,,,23,20448,1393,3646,4,17133,1282,131
2018020710500,21.34390425688432,0.934745371366094,163.3065085296611,0.029505889829546744,0.031185455865997868,0.060691345695544616,0,0,0,0.018638058005273208,0.0077279752704791345,0.02636603327575234,,,,,23,20421,1439,3616,8,17128,1267,157
2018020710510,21.38803314249824,0.9366779733434409,163.56112831735345,0.027944247707255062,0.0322800326886407,0.060224280395895766,0,0,0,0.01837616556743234,0.007186718216966113,0.025562883784398454,,,,,22,20448,1444,3585,6,17127,1266,154
2018020710520,21.431505389556094,0.9385818181710387,163.81595487532073,0.0286479615000454,0.03164442023063652,0.060292381730681924,0,0,0,0.024071965383739468,0.0038260077431109085,0.027897973126850377,,,,,23,20450,1423,3591,3,17130,1269,163
2018020710530,21.47431961082908,0.9404568450959117,164.0709855769916,0.028450115798555924,0.03283229644430317,0.06128241224285909,0,0,0,0.020960877580281756,0.006759370946084344,0.0277202485263661,,,,,24,20449,1466,3548,4,17119,1263,169
2018020710540,21.516474436880724,0.9423029941442895,164.3262177688756,0.029159948220652692,0.031862466786273934,0.06102241500692662,0,0,0,0.01894655341242912,0.00667228383394439,0.02561883724637351,,,,,25,20431,1445,3575,6,17114,1273,164
2018020710550,21.557968516247804,0.944120206129532,164.58164877076635,0.029137237980605454,0.03149910294551814,0.06063634092612359,0,0,0,0.019624806483926782,0.005759949002823058,0.02538475548674984,,,,,23,20446,1443,3564,4,17116,1273,164
2018020710560,21.59880051563148,0.9459084226604979,164.8372758760614,0.02884724588302101,0.031845542305508234,0.060692788188529245,0,0,0,0.022379055207740466,0.005167899829254411,0.027546955036994877,,,,,24,20450,1459,3532,5,17111,1258,186
2018020710570,21.63896912005226,0.9476675861483329,165.09309635202274,0.03073253833049404,0.03105053946621238,0.061783077796706415,0,0,0,0.022126613398893668,0.004575565116437888,0.026702178515331555,,,,,22,20463,1445,3535,6,17110,1304,140
2018020710580,21.67847303304481,0.949397639815001,165.34910744003963,0.029824322483998366,0.031617413409596444,0.06144173589359481,0,0,0,0.021078029682236182,0.006032049531093508,0.02711007921332969,,,,,23,20436,1452,3543,4,17128,1293,179
2018020710590,21.717310976834913,0.9510985277010336,165.60530635592784,0.029421780290131445,0.03337192671797316,0.0627937070081046,0,0,0,0.020377066703054284,0.007050101203065657,0.027427167906119942,,,,,25,20476,1497,3456,6,17117,1309,163
2018020711000,21.755481692500428,0.9527701946725796,165.86169029028204,0.02824127675997185,0.03210061522395514,0.06034189198392699,0,0,0,0.020034110289937464,0.006981239340534394,0.027015349630471856,,,,,23,20434,1381,3607,8,17114,1306,176
2018020711010,21.792983940149796,0.954412586429222,166.11825640868724,0.030653950953678476,0.03022252497729337,0.06087647593097184,0,0,0,0.017124769430464783,0.008038621820417645,0.025163391250882426,,,,,24,20462,1432,3567,6,17114,1290,145
2018020711020,21.82981649910002,0.9560256495117733,166.37500185208143,0.030637505393927005,0.033181167813585884,0.06381867320751289,0,0,0,0.022541170048221273,0.007938313165317078,0.030479483213538352,,,,,25,20414,1548,3489,6,17107,1299,143
2018020711030,21.865978168026416,0.9576093313088334,166.6319237370904,0.02995616724580409,0.032136449319797415,0.062092616565601506,0,0,0,0.019829448550312677,0.007299602046617396,0.027129050596930073,,,,,24,20449,1470,3533,7,17106,1302,140
2018020711040,21.90146776514105,0.9591635800646041,166.88901915629756,0.030438634350226017,0.03318719760125389,0.0636258319514799,0,0,0,0.019498987508816637,0.00941958089690792,0.028918568405724557,,,,,25,20465,1581,3395,6,17104,1255,192
2018020711050,21.936284128364385,0.9606883448864064,167.14628517862562,0.030007041773618334,0.034163959748313384,0.06417100152193173,0,0,0,0.023532889202155478,0.00873104295036493,0.03226393215252041,,,,,25,20444,1538,3459,8,17097,1320,132
2018020711060,21.970426115463447,0.9621835757507313,167.40371884965379,0.03316309159005788,0.033980251957780046,0.06714334354783794,0,0,0,0.021371407784648962,0.009298835940341943,0.030670243724990907,,,,,25,20462,1665,3305,7,17132,1340,119
2018020711070,22.00389260422972,0.9636492235110308,167.66131719194468,0.03266668180064017,0.035322694149962544,0.06798937595060271,0,0,0,0.023342054373791377,0.010374246388351724,0.0337163007621431,,,,,26,20440,1697,3294,6,17131,1334,123
2018020711080,22.036682492637922,0.9650852399046713,167.9190772053996,0.03309800004540192,0.03459626342194275,0.06769426346734467,0,0,0,0.0235254006137061,0.010546653028753267,0.03407205364245937,,,,,25,20446,1683,3294,5,17132,1349,117
2018020711090,22.068794698987286,0.9664915775591207,168.1769958676711,0.034171150920691146,0.03532911018777104,0.06950026110846219,0,0,0,0.025729611782889353,0.010500954632239294,0.036230566415128646,,,,,27,20433,1784,3204,5,17128,1333,129
2018020711100,22.10022816206558,0.9678681899991323,168.43507013443173,0.03383057466566764,0.03791748972594964,0.07174806439161728,0,0,0,0.026217569412835685,0.011948111060537095,0.03816568047337278,,,,,26,20443,1841,3130,5,17127,1356,115
2018020711110,22.130981841295043,0.969215031653135,168.69329693979626,0.0324961395222091,0.03667453901353438,0.06917067853574349,0,0,0,0.024561642901002934,0.011894202997430124,0.03645584589843306,,,,,25,20448,1715,3252,6,17119,1374,97
2018020711120,22.161054716883605,0.9705320578598567,168.9516731967034,0.03354212055192447,0.03726397966594045,0.07080610021786493,0,0,0,0.029766236128797526,0.008322721484446061,0.03808895761324359,,,,,25,20428,1819,3161,5,17133,1355,138
2018020711130,22.190445789968447,0.9718192248746113,169.21019579728153,0.03404139433551198,0.03964687726942629,0.07368827160493827,0,0,0,0.03280777193820672,0.009942438513867086,0.042750210452073806,,,,,25,20446,1907,3055,7,17131,1382,111
2018020711140,22.219154082756717,0.9730764898754605,169.46886161321225,0.03293311241744025,0.03767675162849815,0.0706098640459384,0,0,0,0.028490222828558436,0.010823101409731696,0.039313324238290134,,,,,25,20446,1736,3219,9,17127,1400,97
2018020711150,22.247178638671972,0.9743038109696284,169.72766749617463,0.0346643663026946,0.03813761322103925,0.07280197952373385,0,0,0,0.030020891997456625,0.010468707421200835,0.04048959941865746,,,,,25,20432,1843,3126,11,17121,1376,117
2018020711160,22.27451852248612,0.9755011471992789,169.98661027819185,0.031394002678591694,0.04061017410846026,0.07200417678705195,0,0,0,0.028651927927109133,0.012792256481334212,0.041444184408443344,,,,,25,20449,1815,3130,12,17117,1372,133
2018020711170,22.30117282045646,0.976668458547518,170.2456867720489,0.033125212850493815,0.040276989442615506,0.07340220229310931,0,0,0,0.03306610950877751,0.011264279063429701,0.04433038857220721,,,,,25,20430,1867,3097,7,17118,1402,99
2018020711180,22.327140640463742,0.9778057059444392,170.50489377175413,0.032307133451391724,0.03989011487989829,0.07219724833129001,0,0,0,0.026839846499693454,0.014419037671155113,0.04125888417084857,,,,,26,20456,1800,3131,8,17116,1414,95
2018020711190,22.352421112132404,0.9789128512723897,170.76422805286427,0.03471686117796648,0.03771400027246719,0.07243086145043368,0,0,0,0.029718492263649376,0.011201235998455001,0.040919728262104375,,,,,26,20449,1829,3109,8,17115,1395,111
2018020711200,22.37701338696304,0.9799898573717721,171.02368637295731,0.03455949137148047,0.03928247048138056,0.07384196185286103,0,0,0,0.032896082933594015,0.009502807647714098,0.042398890581308114,,,,,25,20457,1926,3000,7,17113,1390,122
2018020711210,22.400916638457463,0.9810366880465211,171.28326547206402,0.03471843778383288,0.038692098092643054,0.07341053587647593,0,0,0,0.0293461940943628,0.01192046953910551,0.041266663633468315,,,,,25,20433,1907,3037,7,17112,1381,138
2018020711220,22.424130062237932,0.9820533080693248,171.54296207308485,0.03145296816096652,0.041218149611663715,0.07267111777263024,0,0,0,0.03171463647524212,0.011708270813440641,0.04342290728868276,,,,,24,20453,1859,3066,7,17107,1381,137
2018020711230,22.44665287616616,0.9830396831868368,171.80277288220117,0.030047694753577107,0.04017715194185782,0.07022484669543493,0,0,0,0.02857791912766924,0.01267605633802817,0.04125397546569741,,,,,25,20452,1773,3147,6,17104,1383,140
2018020711240,22.46848432045181,0.9839957801244281,172.0626945893706,0.0324551442198501,0.03910969793322735,0.07156484215307746,0,0,0,0.02837072904589784,0.011025483643638182,0.03939621268953602,,,,,26,20435,1786,3150,9,17101,1392,131
2018020711250,22.48962365778218,0.9849215665918658,172.3227238687092,0.03362164861858385,0.03900202047719585,0.07262366909577969,0,0,0,0.02884222010091368,0.011591435974362472,0.04043365607527615,,,,,24,20455,1811,3103,3,17115,1425,113
2018020711260,22.51007017341567,0.9858170112874072,172.58285737899638,0.03380326454630071,0.038843106540443595,0.07264637108674431,0,0,0,0.027138830802800256,0.011546504227657059,0.03868533503045732,,,,,25,20459,1815,3094,6,17112,1431,107
2018020711270,22.529823175285838,0.9866820839023562,172.8430917641062,0.03414689522079691,0.04014076512657509,0.074287660347372,0,0,0,0.030168206478559917,0.0110094658706558,0.04117767234921572,,,,,23,20481,1917,2969,4,17108,1416,127
2018020711280,22.5488819941238,0.9875167551264246,173.10342365344982,0.03503712618360998,0.0404414269170508,0.07547855310066079,0,0,0,0.029667461128135286,0.013619339462036091,0.04328680059017138,,,,,23,20459,1927,2981,3,17105,1450,91
2018020711290,22.567245983538907,0.9883209966512642,173.36384966245612,0.03119961851994823,0.04200821998682985,0.07320783850677809,0,0,0,0.029212820047212637,0.0142999818412929,0.04351280188850554,,,,,24,20463,1857,3077,6,17108,1411,93
2018020711300,22.58491452011627,0.9890947811747389,173.62436639305346,0.03413116541011899,0.04112544281951131,0.0752566082296303,0,0,0,0.029133715116807565,0.015544041450777202,0.04467775656758477,,,,,24,20452,1951,2994,12,17102,1407,94
2018020711310,22.601887003529665,0.9898380824058687,173.88497043412474,0.035273008085763606,0.04176887435268466,0.07704188243844826,0,0,0,0.032906099445504954,0.013271520770839014,0.046177620216343966,,,,,25,20462,2020,2910,6,17104,1441,60
2018020711320,22.61816285660951,0.9905508750678068,174.14565836196257,0.03504587989461252,0.04086036158808031,0.07590624148269283,0,0,0,0.031820351387594606,0.014250971657158443,0.046071323044753046,,,,,25,20438,1996,2958,4,17106,1417,84
2018020711330,22.63374152543323,0.9912331349017977,174.4064267408008,0.034571266325951165,0.04174900624645088,0.07632027257240204,0,0,0,0.029732002818630237,0.014593230741254291,0.044325233559884526,,,,,24,20473,2010,2907,6,17100,1400,105
2018020711340,22.64862247942554,0.9918848386715678,174.66727212323505,0.0361839863713799,0.04138557637705849,0.07756956274843839,0,0,0,0.03232038548082824,0.015046480441848307,0.04736686592267655,,,,,25,20440,2049,2900,4,17102,1427,78
2018020711350,22.662805211421,0.9925059641660661,174.92819105076538,0.0380876674994322,0.04303883715648422,0.08112650465591642,0,0,0,0.037845573703459714,0.012562186229299652,0.050407759932759366,,,,,23,20437,2173,2777,6,17103,1439,72
2018020711360,22.676289237739347,0.9930964902027629,175.18918005426187,0.03685369785871614,0.04291650582438293,0.07977020368309906,0,0,0,0.032710174227108556,0.016355087113554278,0.04906526134066283,,,,,25,20440,2103,2842,6,17106,1451,66
2018020711370,22.689074098278724,0.9936563966317326,175.45023565444203,0.035536683394264176,0.04169031994368628,0.07722700333795046,0,0,0,0.03707321505645033,0.010790304627336952,0.047863519683787284,,,,,25,20468,2009,2905,4,17107,1438,83
2018020711380,22.701159356565512,0.9941856643378363,175.71135436238401,0.03390407848124262,0.042011081842129164,0.07591516032337178,0,0,0,0.035436827041024944,0.011744127936031985,0.04718095497705693,,,,,25,20469,1930,2983,3,17106,1452,68
2018020711390,22.712544599823893,0.9946842752437682,175.9725326800398,0.03690078797374935,0.04119263346731158,0.07809342144106093,0,0,0,0.03665586108403419,0.010699793711604288,0.047355654795638476,,,,,27,20467,2032,2878,8,17101,1445,79
2018020711400,22.723229439046687,0.9951522123131578,176.23376710072253,0.03535663192315553,0.041465131593886956,0.07682176351704248,0,0,0,0.037185107784567156,0.010948822206573837,0.048133929991140995,,,,,25,20470,1994,2915,5,17104,1431,93
2018020711410,22.73321350905628,0.9955894595532382,176.49505410958847,0.03549529908706908,0.04060498705545715,0.07610028614252623,0,0,0,0.0291632597437994,0.013854819660216226,0.04301807940401563,,,,,25,20466,1995,2917,5,17101,1392,133
2018020711420,22.742496468542033,0.9959960020164844,176.75639018419795,0.03560965639406809,0.04076488088479095,0.07637453727885904,0,0,0,0.029892785753225515,0.014514810103579865,0.04440759585680538,,,,,26,20470,2013,2894,2,17104,1416,108
2018020711430,22.75107800013012,0.9963718258036723,177.0177717949625,0.033429473349533306,0.041945813367247294,0.07537528671678059,0,0,0,0.031481397356107756,0.014854858492708853,0.04633625584881661,,,,,26,20465,1951,2960,3,17102,1398,128
2018020711440,22.758957810434627,0.9967169180661155,177.27919540571216,0.03445299902341532,0.040653176171333835,0.07510617519474916,0,0,0,0.03490960297992187,0.010198055782683747,0.04510765876260562,,,,,26,20468,1949,2959,3,17100,1406,120
2018020711450,22.76613563008084,0.9970312670066863,177.54065747418477,0.037269196702323364,0.04006268310962731,0.07733187981195067,0,0,0,0.03123012628327428,0.012878168438266557,0.04410829472154083,,,,,26,20446,2022,2906,3,17101,1428,99
2018020711460,22.77261121376648,0.9973148618824971,177.80215445252813,0.0346378358734413,0.04240579644309174,0.07704363231653304,0,0,0,0.031115855458902088,0.013559245043039814,0.0446751005019419,,,,,24,20472,1991,2913,8,17094,1439,86
2018020711470,22.778384340300132,0.9975676930065825,178.06368278782406,0.034955028618152084,0.04115562823657672,0.07611065685472881,0,0,0,0.02968228374173915,0.013489882588058956,0.0431721663297981,,,,,30,20444,1964,2960,9,17094,1438,89
2018020711480,22.783454812615616,0.9977897517485305,178.32523892266033,0.03488689016080676,0.040973925683655855,0.07586081584446261,0,0,0,0.032168721196848965,0.012100161184135849,0.044268882380984816,,,,,24,20470,1967,2937,2,17101,1432,95
2018020711490,22.787822457820727,0.9979810305366149,178.5868192955609,0.032593635723533285,0.04088400299816022,0.0734776387216935,0,0,0,0.029988649262202044,0.011101021566401817,0.04108967082860386,,,,,25,20469,1881,3022,6,17096,1428,100
2018020711500,22.791487127225327,0.9981415228590274,178.84842034156108,0.03420006812762575,0.04058135573975247,0.07478142386737821,0,0,0,0.027989648597112504,0.01282575138472714,0.040815399981839647,,,,,28,20444,1871,3054,6,17100,1443,89
2018020711510,22.794448696343885,0.9982712232639877,179.11003849274368,0.03526740093107755,0.04044510048824798,0.07571250141932553,0,0,0,0.033530079455164584,0.009103291713961407,0.042633371169125994,,,,,37,20457,1926,2977,2,17103,1448,85
2018020711520,22.79670706493436,0.9983701273614469,179.3716701787123,0.0357451060544125,0.04289866921015579,0.07864377526456828,0,0,0,0.03550430183196749,0.0103743388345327,0.04587864066650019,,,,,29,20442,2013,2913,9,17095,1463,70
2018020711530,22.79826215701236,0.9984382318237076,179.6333118271748,0.034201621511139375,0.04246814888833375,0.07666977039947312,0,0,0,0.029989330064246634,0.014029830416127494,0.04401916048037413,,,,,28,20463,1972,2935,6,17097,1450,82
2018020711540,22.79911392085316,0.9984755343855118,179.89495986440488,0.036131991915154545,0.041718710966774916,0.07785070288192947,0,0,0,0.029929537576183246,0.014273738586673313,0.04420327616285656,,,,,29,20444,2059,2866,1,17102,1429,103
2018020711550,22.79926232900046,0.9984820338444249,180.15661071584555,0.037290214157563645,0.041559739286444256,0.0788499534440079,0,0,0,0.03348816132321287,0.010898379970544918,0.044386541293757784,,,,,24,20449,2099,2825,9,17095,1434,98
2018020711560,22.798707378279357,0.9984577300614035,180.4182608065346,0.03869824904049236,0.04283151272908955,0.0815297617695819,0,0,0,0.03514347984017435,0.012191245913548856,0.04733472575372321,,,,,27,20466,2201,2703,7,17097,1456,76
2018020711570,22.79744908979965,0.9984026239609407,180.6799065617363,0.03699498103694956,0.043263007289987054,0.08025798832693662,0,0,0,0.03573212258796822,0.012553916004540295,0.04828603859250852,,,,,25,20449,2117,2806,7,17098,1471,60
2018020711580,22.79548750893209,0.9983167175300252,180.94154440740212,0.03583513114567957,0.04344271602134665,0.07927784716702622,0,0,0,0.033165350040860804,0.013415962952873877,0.04658131299373468,,,,,26,20468,2102,2801,9,17097,1459,73
2018020711590,22.79282270532214,0.9982000138187445,181.20317077070155,0.03576700351992733,0.04219370954922221,0.07796071306914953,0,0,0,0.029851762729563462,0.014551315520646523,0.04440307825020998,,,,,24,20450,2026,2898,5,17102,1442,88
2018020712000,22.78945477287999,0.998052516939847,181.46478208055,0.036311199927332186,0.0418521209919157,0.07816332091924788,0,0,0,0.030937897221717813,0.014277283457417831,0.045215180679135644,,,,,30,20464,2036,2868,5,17102,1448,83
2018020712010,22.785383829744486,0.9978742320671635,181.7263747681874,0.034090392913922324,0.04442425618896207,0.07851464910288439,0,0,0,0.0331676087992917,0.014483870235419647,0.04765147903471134,,,,,28,20448,2049,2875,8,17096,1455,71
2018020712020,22.78061001828747,0.9976651654357959,181.98794526761105,0.033431751078809906,0.04360663184192596,0.07703838292073587,0,0,0,0.03043172166329798,0.014012218109145413,0.044443939772443396,,,,,25,20449,1986,2940,8,17096,1459,67
2018020712030,22.775133505091155,0.997425324341127,182.2494900161505,0.03418201639828295,0.043630334552226945,0.0778123509505099,0,0,0,0.03277013217059545,0.01205886360539583,0.04482899577599128,,,,,25,20470,2027,2880,7,17096,1453,71
2018020712040,22.768954480902,0.9971547171368003,182.5110054550083,0.03715395271728022,0.04462562169282129,0.0817795744101015,0,0,0,0.03600390704858824,0.013424800672375803,0.04942870772096404,,,,,23,20452,2204,2723,10,17095,1468,58
2018020712050,22.762073160623395,0.9968533532343999,182.77248802972358,0.03633638407557968,0.045511321054663545,0.08184770513024323,0,0,0,0.037681422763304336,0.014899947759329502,0.05258137052263384,,,,,24,20472,2170,2737,7,17099,1473,51
2018020712060,22.754489783281688,0.9965212431019627,183.03393419074902,0.03404110366753719,0.04628136709435676,0.08032247076189394,0,0,0,0.04027074295318782,0.011197674154496105,0.05146841710768392,,,,,26,20449,2111,2817,4,17104,1456,68
2018020712070,22.746204611969876,0.9961583982615116,183.29534039394278,0.035425560904714326,0.044463620673994,0.07988918157870833,0,0,0,0.03475298126064736,0.01399204997160704,0.048745031232254404,,,,,28,20468,2122,2786,5,17104,1457,66
2018020712080,22.737217933830877,0.995764831288324,183.55670310107183,0.037174130257062406,0.04453174675265692,0.08170587700971932,0,0,0,0.03341207468314178,0.015604415572616182,0.04901649025575796,,,,,25,20470,2161,2748,8,17101,1478,45
2018020712090,22.72753006000245,0.9953405558085192,183.81801878033264,0.03742137650718681,0.044710370353550265,0.08213174686073707,0,0,0,0.0364825878557961,0.014084187092524023,0.05056677494832012,,,,,28,20471,2197,2711,8,17104,1462,58
2018020712100,22.71714132557022,0.9948855864970003,184.0792839069183,0.03646767637775608,0.045073684688571494,0.08154136106632758,0,0,0,0.03829227349031351,0.013973957624427203,0.05226623111474071,,,,,25,20470,2177,2735,3,17109,1474,46
2018020712110,22.706052089520096,0.9943999390753718,184.3404949634374,0.035874846737205396,0.04795422551201126,0.08382907224921665,0,0,0,0.03834359312177725,0.015673625150489517,0.05401721827226677,,,,,18,20474,2280,2638,11,17104,1456,61
2018020712120,22.694262734681995,0.9938836303094744,184.60164844047458,0.033944870805140546,0.04779528631760592,0.08174015712274646,0,0,0,0.03553011199709216,0.016788205093255185,0.052318317090347344,,,,,22,20464,2207,2717,4,17110,1457,61
2018020712130,22.68177366767163,0.9933366780068349,184.86274083710424,0.03489850597157259,0.04518414240951819,0.08008264838109078,0,0,0,0.03516423606378629,0.014492753623188406,0.0496569896869747,,,,,13,20447,2140,2814,5,17110,1456,57
2018020712140,22.66858531882906,0.9927591010139762,185.1237686613799,0.03322508118910817,0.04576113369518316,0.07898621488429133,0,0,0,0.036323572840235345,0.01235773835215011,0.04868131119238545,,,,,16,20490,2071,2837,8,17104,1467,40
2018020712150,22.654698142155393,0.9921509192136448,185.38472843080876,0.03327428000363405,0.044426274189152355,0.0777005541927864,0,0,0,0.03540989567944726,0.012091183890542968,0.04750107956999022,,,,,16,20462,2042,2897,6,17104,1421,80
2018020712160,22.640112615241488,0.991512153521688,185.6456166729045,0.03245661851549014,0.04333605887162715,0.07579267738711729,0,0,0,0.032504432422603084,0.012319861799336274,0.044824294221939356,,,,,18,20472,1973,2954,1,17109,1424,77
2018020712170,22.624829239198224,0.9908428258840005,185.90642992562815,0.032522540937067065,0.04260634552928619,0.07512888646635325,0,0,0,0.032296188549739764,0.009363849178390417,0.04166003772813018,,,,,13,20456,1944,3008,2,17112,1420,76
2018020712180,22.60884853858091,0.9901429592732138,186.16716473789432,0.03019981834695731,0.04141689373297003,0.07161671207992734,0,0,0,0.026953320303622564,0.012113085768828689,0.03906640607245125,,,,,16,20474,1812,3119,4,17114,1391,110
2018020712190,22.592171061307166,0.9894125776850998,186.42781767011073,0.03083560399636694,0.03978201634877384,0.07061762034514078,0,0,0,0.028908433899229563,0.008567987091202474,0.03747642099043204,,,,,6,20481,1811,3127,0,17119,1380,116
2018020712200,22.57479737857961,0.9886517061351852,186.68838529457412,0.031605476466180775,0.04071021501714234,0.07231569148332312,0,0,0,0.029328373443418695,0.00880078027536462,0.03812915371878332,,,,,3,20491,1828,3071,0,17114,1420,116
2018020712210,22.55672808479787,0.9878603706548975,186.94886419600152,0.031287605294825514,0.04018799809277297,0.07147560338759848,0,0,0,0.027146650929477722,0.009918968608847629,0.03706561953832535,,,,,1,20487,1804,3101,0,17114,1413,123
2018020712220,22.53796379746869,0.987038598287629,187.2092509720163,0.03192044861171022,0.0407065180375508,0.07262696664926102,0,0,0,0.029123348617605665,0.00998774231624824,0.039111090933853905,,,,,8,20459,1858,3072,0,17120,1401,129
2018020712230,22.518505157114493,0.9861864170847313,187.4695422336055,0.03305109754159762,0.04072367375661135,0.07377477129820897,0,0,0,0.03043517761424548,0.009675660943036249,0.04011083855728173,,,,,12,20476,1912,2997,6,17118,1397,135
2018020712240,22.49835282718226,0.9853038561015258,187.72973460556662,0.031802601411935624,0.0404058747417883,0.07220847615372392,0,0,0,0.02604723049298816,0.010250698911289406,0.03629792940427756,,,,,6,20479,1831,3086,3,17122,1416,110
2018020712250,22.477507493929508,0.9843909453923098,187.98982472702326,0.030861814465765868,0.038900874304530486,0.06976268877029636,0,0,0,0.02737047898338221,0.00900225056264066,0.03637272954602287,,,,,7,20461,1770,3164,1,17115,1372,145
2018020712260,22.455969866349093,0.9834477160070624,188.24980925183647,0.03092643051771117,0.03930517711171662,0.07023160762942779,0,0,0,0.026397691905767965,0.010222858311183807,0.03662055021695177,,,,,10,20477,1770,3151,2,17118,1384,128
2018020712270,22.433740676042618,0.9824741999859018,188.50968484907315,0.029904632152588557,0.0391008174386921,0.06900544959128066,0,0,0,0.022939638513129475,0.010549050812777083,0.033488689325906554,,,,,13,20474,1696,3225,2,17118,1391,121
2018020712280,22.410820677107996,0.9814704303541606,188.76944820351028,0.03212623453286412,0.0370984220683392,0.06922465660120332,0,0,0,0.022496701696920068,0.009644693144078977,0.032141394840999045,,,,,8,20480,1768,3157,3,17124,1361,144
2018020712290,22.387210646056346,0.980436441118746,189.0290960159936,0.031081848109887615,0.03850607333409013,0.06958792144397774,0,0,0,0.024394680004547004,0.010162555416619302,0.0345572354211663,,,,,9,20479,1728,3197,3,17124,1383,122
2018020712300,22.362911381672635,0.979372267262037,189.2886250039307,0.0310350307625945,0.03898108838286376,0.07001611914545826,0,0,0,0.025808796801163214,0.00888313340603417,0.03469193020719738,,,,,4,20502,1792,3121,4,17126,1378,120
2018020712310,22.337923704898056,0.9782779447367335,189.54803190173558,0.030532098429129212,0.03958957595568873,0.07012167438481795,0,0,0,0.025634033269702754,0.010089991818925552,0.035724025088628306,,,,,6,20456,1769,3188,4,17127,1381,121
2018020712320,22.312248458731474,0.9771535104615396,189.80731346124753,0.030328482894826453,0.03872783818755533,0.06905632108238179,0,0,0,0.02661458806431102,0.009787446634571715,0.036402034698882736,,,,,4,20484,1733,3205,1,17131,1357,136
2018020712330,22.28588650808802,0.975999002314971,190.0664664521347,0.03263879431658269,0.039152934767806076,0.07179172908438877,0,0,0,0.027610498806953754,0.009748892171344165,0.03735939097829792,,,,,11,20469,1810,3136,5,17131,1401,95
2018020712340,22.258838739668345,0.9748144591296297,190.32548766236687,0.034018700072621644,0.03930646332607117,0.07332516339869281,0,0,0,0.026336120705326305,0.011929649154699146,0.03826576986002545,,,,,15,20474,1864,3080,3,17140,1404,84
2018020712350,22.231106061856114,0.9735999206877132,190.5843738985755,0.031204611474219317,0.040395787944807554,0.07160039941902688,0,0,0,0.02742217876713886,0.011732872507333045,0.03915505127447191,,,,,26,20455,1801,3151,0,17143,1388,100
2018020712360,22.20268940456055,0.9723554277141208,190.8431219865153,0.032788001179914227,0.04061627827823285,0.07340427945814708,0,0,0,0.02723301633525959,0.010920507803612868,0.038153524138872456,,,,,31,20475,1854,3080,0,17145,1395,91
2018020712370,22.173589719084877,0.9710810218706901,191.10172877144572,0.03215266274874634,0.040888566177304804,0.07304122892605114,0,0,0,0.026920013653430424,0.009967004209807714,0.03688701786323814,,,,,23,20461,1854,3102,0,17145,1402,84
2018020712380,22.1438079780111,0.9697767457511532,191.3601911185201,0.030947029039802013,0.04050586926412824,0.07145289830393026,0,0,0,0.028586373146547803,0.010074592922769035,0.038660966069316835,,,,,27,20482,1850,3089,5,17128,1363,99
2018020712390,22.113345175038766,0.9684426428740733,191.61850591319129,0.032167990919409764,0.04158910329171396,0.07375709421112372,0,0,0,0.029290035020694046,0.010051394005548733,0.03934142902624278,,,,,32,20448,1932,3036,2,17138,1362,100
2018020712400,22.082202324842992,0.9670787576766284,191.87667006161655,0.031055618615209987,0.04072644721906924,0.07178206583427924,0,0,0,0.02720640043639339,0.011273495920176376,0.038479896356569766,,,,,34,20461,1829,3133,2,17139,1353,99
2018020712410,22.05038046294101,0.9656851355087659,192.1346804910244,0.03254874367296911,0.03990285312209184,0.07245159679506094,0,0,0,0.03174927842549033,0.008840708165723507,0.040589986591213836,,,,,22,20457,1844,3134,5,17140,1393,62
2018020712420,22.017880645549543,0.964261822626957,192.39253415007124,0.03258970110977464,0.040351315162381135,0.07294101627215577,0,0,0,0.03153491121569697,0.007843939703976536,0.03937885091967351,,,,,23,20475,1899,3069,3,17144,1360,90
2018020712430,21.984703949408793,0.9628088661864885,192.65022800925985,0.033747134784286134,0.03878537548510088,0.07253251026938701,0,0,0,0.02889687158966897,0.008798654056020372,0.03769552564568934,,,,,19,20479,1859,3109,2,17145,1386,64
2018020712440,21.950851471658055,0.9613263142360144,192.9077590612478,0.03218187186300561,0.0393586336899003,0.07154050555290592,0,0,0,0.024328687387735613,0.010072531320342875,0.03440121870807849,,,,,26,20449,1813,3188,3,17110,1370,72
2018020712450,21.91632432967489,0.9598142157105136,193.1651243212576,0.030819195566759782,0.03847289409734051,0.06929208966410029,0,0,0,0.02569583409132254,0.00911861015099145,0.03481444424231399,,,,,19,20474,1740,3243,4,17114,1343,94
2018020712460,21.881123660901082,0.9582726204236676,193.42232082740324,0.032970027247956404,0.038396911898274294,0.0713669391462307,0,0,0,0.02467254866290704,0.01034655266509005,0.03501910132799709,,,,,23,20478,1841,3143,5,17117,1362,71
2018020712470,21.845250622706004,0.9567015790618758,193.6793456410239,0.0318516164184526,0.03804940065383218,0.06990101707228477,0,0,0,0.02536108267940407,0.00989423404981235,0.03525531672921642,,,,,24,20447,1771,3242,3,17124,1344,93
2018020712480,21.808706392224988,0.9551011431771783,193.93619584703086,0.032191423187813574,0.03641399350723058,0.06860541669504416,0,0,0,0.02231431303793433,0.009244501115715651,0.031558814153649986,,,,,18,20478,1723,3235,3,17126,1344,122
2018020712490,21.77149216616826,0.9534713651788874,194.19286855428868,0.030096690725861363,0.03701938353987925,0.06711607426574061,0,0,0,0.023353116401755462,0.009095663642358505,0.032448780044113966,,,,,20,20449,1694,3291,1,17131,1324,148
2018020712500,21.73360916068879,0.9518122983278003,194.44936089585605,0.03186708429797085,0.03738254119569658,0.06924962549366744,0,0,0,0.02276345113021331,0.009209987720016374,0.031973438850229685,,,,,24,20490,1753,3198,5,17127,1341,120
2018020712510,21.695058611207678,0.9501239967285526,194.70567002935726,0.0307025506036126,0.036852137605518746,0.06755468820913135,0,0,0,0.02122287430053228,0.010645557526955098,0.03186843182748737,,,,,23,20447,1669,3326,4,17137,1348,114
2018020712520,21.655841772222704,0.9484065153212328,194.96179313730585,0.03170277512830994,0.036131171367579595,0.06783394649588953,0,0,0,0.019327080677472228,0.009561099981788381,0.02888818065926061,,,,,25,20444,1692,3315,3,17122,1338,95
2018020712530,21.61595991716722,0.9466599098752032,195.21772742736425,0.03324703638097833,0.0356996866058046,0.06894672298678294,0,0,0,0.018143738475197485,0.009743437976643067,0.02788717645184055,,,,,25,20461,1743,3247,3,17122,1338,95
2018020712540,21.575414338218128,0.9448842369806906,195.47347013269282,0.033626228912653544,0.036078377948822744,0.06970460686147628,0,0,0,0.021226737043272513,0.007894617099695135,0.029121354142967647,,,,,29,20442,1772,3244,6,17124,1340,86
2018020712550,21.534206346127245,0.9430795540414004,195.72901851222002,0.03255908998024658,0.03746338805258497,0.07002247803283154,0,0,0,0.0218846784478047,0.007970486427400255,0.029855164875204954,,,,,32,20439,1798,3218,3,17127,1346,80
2018020712560,21.492337270046665,0.9412459192668687,195.98436985091504,0.033459696274941546,0.03897577917508456,0.0724354754500261,0,0,0,0.023435898603867265,0.0077208645546268245,0.03115676315849409,,,,,27,20459,1880,3133,4,17136,1359,55
2018020712570,21.449808457349864,0.939383391664628,196.23952146007392,0.03209114429667287,0.039240161590486135,0.071331305887159,0,0,0,0.02241999362680384,0.008148586516137844,0.030568580142941684,,,,,33,20453,1826,3187,7,17136,1353,67
2018020712580,21.40662127344337,0.9374920310319588,196.49447067764353,0.03281739367255231,0.039989106259361806,0.07280649993191413,0,0,0,0.02597343522561863,0.005640465793304222,0.03161390101892285,,,,,32,20456,1900,3123,2,17141,1346,62
2018020712590,21.36277710159984,0.9355718979485796,196.7492148683987,0.033447548163107854,0.03937007874015748,0.07281762690326533,0,0,0,0.023122044379774463,0.00834394325209167,0.03146598763186613,,,,,27,20459,1893,3132,4,17142,1356,56
2018020713000,21.31827734276717,0.9336230537682875,197.0037514242521,0.03562352514067889,0.0400027228172082,0.07562624795788708,0,0,0,0.024958478374627443,0.008691101858803722,0.03364958023343116,,,,,27,20459,1996,3041,4,17143,1371,31
2018020713010,21.27312341538251,0.9316455606108114,197.2580777645141,0.03588766389909714,0.04144548795426705,0.07733315185336419,0,0,0,0.029166856258816036,0.007166583246120945,0.03633343950493698,,,,,27,20472,2081,2943,4,17148,1362,45
2018020713020,21.227316755188895,0.9296394813537836,197.5121913361223,0.03372417390515502,0.04254643594221305,0.07627060984736807,0,0,0,0.028570777608165683,0.009546376250256316,0.038117153858422,,,,,26,20462,2064,2984,10,17153,1358,36
2018020713030,21.18085881505257,0.9276048796247385,197.76608961385713,0.03417776064227882,0.042047490531376866,0.0762252511736557,0,0,0,0.030784666955510454,0.008437279091510272,0.03922194604702073,,,,,31,20454,2043,3008,7,17156,1368,26
2018020713040,21.13375106476526,0.9255418197924525,198.01977010062436,0.033486196876135126,0.04358881220486742,0.07707500908100254,0,0,0,0.031330521035229736,0.010375099760574621,0.04170562079580436,,,,,24,20450,2095,2980,4,17136,1321,38
2018020713050,21.08599499086391,0.9234503669590514,198.27323032762723,0.0344216481494104,0.043123622566060026,0.07754527071547043,0,0,0,0.031294873840402984,0.008296674492284549,0.039591548332687534,,,,,28,20474,2119,2887,3,17102,1348,52
2018020713060,21.037592096437265,0.9213305869515378,198.52646785459882,0.035620172648796,0.04311676510676965,0.07873693775556564,0,0,0,0.03000729660707771,0.010785297336738416,0.040792593943816124,,,,,24,20437,2156,2904,5,17108,1356,30
2018020713070,20.988543900924487,0.9191825463129728,198.77948027006215,0.03333938953488372,0.04433139534883721,0.07767078488372092,0,0,0,0.0283886536447662,0.011838091335427766,0.04022674498019396,,,,,23,20478,2121,2913,5,17110,1345,37
2018020713080,20.938851939938797,0.917006312294752,199.0322651914455,0.033566497093023256,0.044422238372093026,0.07798873546511628,0,0,0,0.030850143436091253,0.01197577523792177,0.042825918674013023,,,,,24,20445,2155,2910,3,17122,1333,40
2018020713090,20.88851776506579,0.9148019528477731,199.28482026533092,0.03342112433021524,0.044342021614748886,0.07776314594496413,0,0,0,0.025152647407272397,0.01298642121571129,0.03813906862298369,,,,,25,20443,2137,2943,6,17122,1333,35
2018020713100,20.837542943656544,0.9125695366133751,199.5371431676464,0.03596240294237842,0.04529355673613949,0.08125595967851791,0,0,0,0.03319823307072271,0.012113484220592923,0.04531171729131564,,,,,28,20457,2271,2792,6,17123,1355,14
2018020713110,20.785929058656222,0.9103091329158318,199.7892316038397,0.03316309159005788,0.046283055271819314,0.0794461468618772,0,0,0,0.03188775510204082,0.011798469387755101,0.04368622448979592,,,,,26,20446,2188,2903,5,17127,1337,23
2018020713120,20.733677708392495,0.908020811753086,200.04108330902594,0.03434343434343434,0.044489842242651234,0.07883327658608558,0,0,0,0.02904063411078717,0.013028425655976677,0.042069059766763846,,,,,28,20470,2210,2855,4,17128,1320,40
2018020713130,20.680790506367234,0.9057046437876272,200.29269604820732,0.0340852357826896,0.044319883810647664,0.07840511959333726,0,0,0,0.030879671832269827,0.009936189608021877,0.0408158614402917,,,,,30,20456,2183,2909,4,17134,1303,47
2018020713140,20.627269081089366,0.9033607003391709,200.54406761638734,0.03421130243426575,0.04476054356950022,0.07897184600376597,0,0,0,0.030709253813008687,0.007979390374575382,0.03868864418758407,,,,,33,20450,2205,2890,4,17147,1317,33
2018020713150,20.573115075852687,0.9009890533749284,200.7951958387357,0.03536590898779547,0.044485277437502836,0.07985118642529832,0,0,0,0.03454014864803247,0.007204413843417993,0.04174456249145046,,,,,26,20457,2250,2860,4,17149,1320,16
2018020713160,20.518330148525855,0.89858977550041,201.04607857078554,0.03453906338587141,0.04444948406848849,0.0789885474543599,0,0,0,0.030308550609131277,0.008265968347944894,0.03857451895707617,,,,,34,20456,2200,2904,4,17154,1316,27
2018020713170,20.462915971391002,0.8961629399523561,201.2967136984924,0.03376800090713233,0.045968930717768454,0.07973693162490078,0,0,0,0.03372961647080259,0.008836658467705202,0.04256627493850779,,,,,30,20460,2258,2862,2,17156,1305,22
2018020713180,20.40687423091208,0.8937086205885932,201.54709913841396,0.03426041548416393,0.0453626972414576,0.07962311272562153,0,0,0,0.03349827833899619,0.008528492919526601,0.04202677125852279,,,,,27,20458,2264,2859,4,17130,1278,25
2018020713190,20.350206627532632,0.8912268918791766,201.79723283784344,0.034214230577123916,0.04563410979430595,0.07984834037142988,0,0,0,0.033312067079839594,0.009455887714181554,0.04276795479402115,,,,,29,20425,2278,2851,4,17132,1278,49
2018020713200,20.292914875497477,0.8887178288985814,202.0471127749206,0.0330458465728552,0.045188379482523834,0.07823422605537902,0,0,0,0.030460556315549475,0.01121751025991792,0.041678066575467396,,,,,25,20472,2212,2873,3,17148,1284,43
2018020713210,20.2350007026357,0.8861815073161988,202.29673695871892,0.03442250964374858,0.045495802132970276,0.07991831177671885,0,0,0,0.03072396332284111,0.011769536061311071,0.042493499384152186,,,,,26,20459,2293,2821,4,17151,1282,34
2018020713220,20.176465850147302,0.8836180033869926,202.54610342940242,0.03261264534883721,0.045285247093023256,0.07789789244186046,0,0,0,0.028224887146048972,0.01051023665131549,0.03873512379736446,,,,,31,20454,2202,2912,5,17114,1277,37
2018020713230,20.117312072434437,0.8810273939441076,202.795210258273,0.03328716423332804,0.044526691037896506,0.07781385527122454,0,0,0,0.027077625570776257,0.011278538812785389,0.038356164383561646,,,,,29,20467,2194,2925,4,17119,1278,25
2018020713240,20.057541136866682,0.8784097563885905,203.04405554791032,0.03646022520886306,0.04313476207773338,0.07959498728659645,0,0,0,0.02775495298091847,0.010522231352140966,0.03827718433305943,,,,,31,20434,2266,2886,5,17120,1280,26
2018020713250,19.997154823586182,0.8757651686808564,203.29263743223615,0.0345023266371581,0.04492112132561571,0.07942344796277381,0,0,0,0.030744336569579287,0.010301289940288984,0.041045626509868274,,,,,26,20459,2274,2876,4,17125,1269,22
2018020713260,19.93615492531706,0.8730937093323412,203.54095407658426,0.03230053342412893,0.045602088298717515,0.07790262172284645,0,0,0,0.03131338453474327,0.009662936712322523,0.040976321247065794,,,,,27,20418,2228,2962,3,17126,1265,26
2018020713270,19.874543247161437,0.8703954573965695,203.78900367778868,0.03315180394826413,0.04585886090310869,0.07901066485137281,0,0,0,0.03366995691522101,0.00777349716187567,0.04144345407709668,,,,,27,20471,2294,2861,3,17141,1244,29
2018020713280,19.81232160637347,0.8676704924592574,204.0367844642603,0.031616429656846065,0.04506588646208977,0.07668231611893583,0,0,0,0.028931936933853562,0.009902571474205398,0.03883450840805896,,,,,30,20437,2177,3009,3,17150,1246,39
2018020713290,19.74949183217954,0.8649188946304389,204.28429469603984,0.032364881721893356,0.04334217867592026,0.07570706039781361,0,0,0,0.026409414340448824,0.009190841087392812,0.035600255427841634,,,,,28,20468,2145,3031,3,17150,1235,31
2018020713300,19.686055765581695,0.8621407445358572,204.5315326648306,0.03401684946749325,0.04282762222676386,0.07684447169425711,0,0,0,0.026313389273987596,0.00996442904049617,0.03627781831448376,,,,,34,20475,2167,2956,2,17126,1260,17
2018020713310,19.622015259122403,0.8593361233066621,204.77849669409198,0.032381860708040965,0.043940322910279994,0.07632218361832097,0,0,0,0.026640512738635585,0.009739297037155304,0.03637980977579089,,,,,27,20450,2161,3013,3,17125,1238,20
2018020713320,19.55737217671646,0.8565051125720491,205.0251851390312,0.0320793697641156,0.043975753172747295,0.0760551229368629,0,0,0,0.027080053840713617,0.009193986266055255,0.03627404010676887,,,,,31,20468,2150,3001,0,17134,1245,18
2018020713330,19.492128393436627,0.8536477944498707,205.2715963866889,0.0331676087992917,0.04351971667915276,0.07668732547844445,0,0,0,0.027488821972807737,0.009124920156948626,0.03661374212975636,,,,,28,20440,2193,3007,3,17141,1228,9
2018020713340,19.4262857952974,0.8507642515371672,205.51772885594266,0.03367905045049134,0.04350588929487325,0.07718493974536458,0,0,0,0.027689079463552594,0.008803941246236657,0.03649302070978925,,,,,36,20475,2201,2957,3,17147,1224,20
2018020713350,19.359846279076923,0.8478545669023675,205.7635809975236,0.032113110773211086,0.043142772847967685,0.07525588362117877,0,0,0,0.02671015715882393,0.010127506215642892,0.036837663374466825,,,,,24,20461,2184,3020,0,17150,1189,35
2018020713360,19.292811752114854,0.8449188240764364,206.00915129404106,0.0320148948730757,0.0435266336678625,0.0755415285409382,0,0,0,0.024779811071053714,0.010975220188928946,0.03575503125998266,,,,,36,20441,2161,3050,0,17122,1213,19
2018020713370,19.225184132077676,0.8419571070425966,206.25443826004022,0.0329912356387085,0.04382180645747241,0.07681304209618092,0,0,0,0.02526094602928077,0.010643400406550488,0.035904346435831264,,,,,43,20463,2236,2966,2,17120,1177,35
2018020713380,19.156965346804288,0.8389695002295672,206.49944044192975,0.03143382770446751,0.0446751005019419,0.07610892820640941,0,0,0,0.026159605551497444,0.010363403944485025,0.03652300949598247,,,,,41,20440,2191,3035,3,17113,1195,11
2018020713390,19.08815733408177,0.8359560885017421,206.7441564180295,0.032965536030513554,0.04597466285247242,0.07894019888298598,0,0,0,0.0282365841957371,0.009480730130445708,0.037717314326182805,,,,,44,20466,2301,2915,1,17132,1186,1
2018020713400,19.018762041444514,0.8329169571503938,206.98858479858092,0.0330777258496302,0.04619084350469622,0.07926856935432641,0,0,0,0.02780885408342656,0.011575606749012535,0.0393844608324391,,,,,36,20444,2330,2918,1,17143,1192,14
2018020713410,18.948781425989313,0.8298521918855759,207.2327242256881,0.032685372105155715,0.045795812824642186,0.0784811849297979,0,0,0,0.026618228345557157,0.010624443073548564,0.03724267141910572,,,,,40,20436,2272,2963,4,17148,1209,15
2018020713420,18.878217454163902,0.8267618788268609,207.47657337335124,0.03202758182684238,0.045614353437521266,0.07764193526436364,0,0,0,0.028821997898871785,0.010208742520440323,0.03903074041931211,,,,,44,20447,2279,2961,1,17151,1179,25
2018020713430,18.807072101575873,0.8236461044949732,207.72013094742465,0.03312624705242155,0.04489388717576637,0.07802013422818792,0,0,0,0.028153256005114622,0.008174262489725088,0.036327518494839714,,,,,44,20445,2275,2967,0,17161,1189,23
2018020713440,18.73534735280003,0.8205049558033514,207.96339568557667,0.03339833121712316,0.045506076546345,0.07890440776346816,0,0,0,0.027486074331111315,0.00954250753355858,0.037028581864669896,,,,,46,20443,2313,2950,2,17159,1181,10
2018020713450,18.663045201180633,0.8173385200494877,208.20636635726552,0.031567950581395346,0.04812409156976744,0.0796920421511628,0,0,0,0.03176161662290216,0.011074323552917,0.04283594017581916,,,,,48,20440,2371,2889,0,17127,1155,2
2018020713460,18.590167648622515,0.8141468849057807,208.44904176375138,0.032796174157430705,0.04945490809365155,0.08225108225108226,0,0,0,0.03518070087266414,0.009594736601635675,0.04477543747429981,,,,,49,20432,2482,2810,0,17179,1169,0
2018020713470,18.51671670542116,0.8109301384120929,208.6914207379709,0.03195642305946437,0.04968225147526101,0.08163867453472537,0,0,0,0.03540672042396693,0.009822509536971469,0.045229229960938394,,,,,53,20439,2468,2809,0,17149,1142,0
2018020713480,18.442694390055326,0.8076883689666693,208.9335021445397,0.03247843849296414,0.04936450295052201,0.08184294144348615,0,0,0,0.0346465684595181,0.01004910357428343,0.04469567203380153,,,,,52,20437,2499,2803,0,17149,1120,0
2018020713490,18.36810272899287,0.8044216653176333,209.17528487970696,0.03270274566802171,0.04937206186269389,0.08207480753071561,0,0,0,0.03232955583988302,0.013160299762383476,0.045489855602266496,,,,,59,20430,2498,2804,0,17119,1123,0
2018020713500,18.292943756502478,0.8011301165547416,209.41676787128665,0.03447023025568827,0.04870793405695081,0.08317816431263908,0,0,0,0.03576158940397351,0.011007079241836035,0.046768668645809544,,,,,61,20427,2545,2743,0,17122,1140,0
2018020713510,18.21721951447081,0.7978138121013763,209.65795007857352,0.03248581157775255,0.050669693530079454,0.08315550510783201,0,0,0,0.0354425173099335,0.010488791389593473,0.045931308699526975,,,,,61,20405,2518,2795,0,17125,1146,0
2018020713520,18.140932052197684,0.794472841705575,209.89883049232674,0.03164585698070375,0.05023836549375709,0.08188422247446084,0,0,0,0.038819414279508926,0.007681580210786219,0.04650099449029514,,,,,65,20433,2488,2815,0,17125,1121,3
2018020713530,18.064083426222158,0.7911072954324136,210.13940813465152,0.031586829744264674,0.048560212394200004,0.08014704213846469,0,0,0,0.034587461759736995,0.008675402949637003,0.043262864709374,,,,,59,20438,2422,2881,0,17144,1125,0
2018020713540,17.986675700133972,0.78771726365575,210.37968205893753,0.03228514384245394,0.04930120700608041,0.08158635084853436,0,0,0,0.032800749731422434,0.009348785115088345,0.04214953484651078,,,,,52,20445,2510,2816,3,17145,1105,0
2018020713550,17.908710944360163,0.7843028370488769,210.6196513498254,0.030529156932568215,0.04967225385016671,0.08020141078273492,0,0,0,0.03321985880417647,0.0092074299161507,0.04242728872032717,,,,,63,20425,2430,2905,1,17154,1110,1
2018020713560,17.8301912360288,0.7808641065785561,210.85931512304643,0.031572501077366234,0.047835060899544105,0.07940756197691035,0,0,0,0.029152185842326688,0.009168648253155295,0.03832083409548198,,,,,58,20411,2424,2953,0,17155,1087,1
2018020713570,17.751118658749572,0.7774011634954084,211.09867252537717,0.0342794957830779,0.04779178380339168,0.08207127958646958,0,0,0,0.029476955418961222,0.008157576034549734,0.03763453145351096,,,,,59,20440,2546,2803,0,17163,1097,0
2018020713580,17.671495302428593,0.773914099325803,211.33772273455398,0.031762945497415436,0.04874399201958828,0.08050693751700372,0,0,0,0.03299266067631525,0.00804810572284336,0.04104076639915861,,,,,53,20415,2452,2914,0,17163,1111,0
2018020713590,17.59132326311159,0.7704030058649908,211.57646495916882,0.028888081395348836,0.047238372093023256,0.07612645348837209,0,0,0,0.029351207906295754,0.007206259150805271,0.03655746705710103,,,,,53,20450,2284,3040,0,17127,1078,0
2018020714000,17.51060464278958,0.7668679751685933,211.81489843854374,0.031499455732946297,0.04639876632801161,0.07789822206095791,0,0,0,0.030004119558749483,0.005378312811827711,0.03538243237057719,,,,,50,20447,2360,3001,0,17151,1087,0
2018020714010,17.429341549204835,0.7633090995441053,212.05302244267304,0.030417991821899137,0.04704679691049523,0.07746478873239437,0,0,0,0.030790346562964657,0.005398604597964086,0.03618895116092874,,,,,40,20425,2380,3005,0,17115,1055,0
2018020714020,17.347536095708314,0.7597264715446514,212.29083627207498,0.030577010449795546,0.04759200363471149,0.07816901408450704,0,0,0,0.031112838332114118,0.006789502560351134,0.037902340892465254,,,,,45,20463,2435,2931,0,17115,1031,0
2018020714030,17.26519040105891,0.7561201839601936,212.5283392576874,0.0314551111716745,0.04651268424519089,0.07796779541686538,0,0,0,0.02806472255233568,0.00742755279275985,0.03549227534509553,,,,,49,20426,2420,2980,1,17120,1035,0
2018020714040,17.182306589231885,0.7524903298091425,212.76553076079998,0.02881275117498808,0.0483164180460005,0.07712916922098859,0,0,0,0.030621112330772044,0.00672338090010977,0.03734449323088181,,,,,53,20452,2406,2989,0,17126,1015,2
2018020714050,17.098886789293044,0.748837002332846,213.00241017286038,0.03178206583427923,0.04562996594778661,0.07741203178206583,0,0,0,0.0272076153863756,0.006773300382142285,0.03398091576851788,,,,,43,20433,2420,3005,0,17130,1018,1
2018020714060,17.014933135190063,0.7451602949864513,213.2389769153934,0.03051078320090806,0.047150964812712824,0.07766174801362088,0,0,0,0.027561126232245374,0.006106905148555614,0.03366803138080099,,,,,54,20420,2396,3019,0,17130,1031,0
2018020714070,16.930447765579206,0.7414603014313158,213.4752304398816,0.03219220036752195,0.04659815331563783,0.07879035368315979,0,0,0,0.02656993775173929,0.007597949469058953,0.03416788722079824,,,,,56,20454,2468,2936,0,17153,1012,0
2018020714080,16.845432823679644,0.737737115528627,213.71117022763065,0.03228294652782504,0.046825018716395564,0.0791079652442206,0,0,0,0.02637478268826059,0.008600969896605361,0.03497575258486595,,,,,59,20420,2489,2946,0,17153,1012,0
2018020714090,16.75989045709354,0.7339908313315231,213.94679578960938,0.031411593939943756,0.04835344280141522,0.07976503674135899,0,0,0,0.032179067585196716,0.006888975350742682,0.0390680429359394,,,,,48,20462,2546,2883,0,17160,993,0
2018020714100,16.67382281762428,0.7302215430771333,214.18210666636304,0.032471655328798185,0.049160997732426305,0.0816326530612245,0,0,0,0.03288329519450801,0.007208237986270023,0.04009153318077803,,,,,58,20420,2615,2849,0,17162,996,0
2018020714110,16.58723206113934,0.7264293451805708,214.41710242782455,0.03153929932837175,0.04966872390633509,0.08120802323470684,0,0,0,0.0323060039325072,0.008573780236864968,0.04087978416937217,,,,,52,20458,2636,2820,0,17133,973,0
2018020714120,16.500120347391718,0.7226143322271139,214.6517826732216,0.03172082047558541,0.049623343619531676,0.08134416409511708,0,0,0,0.032013344606174166,0.008477480977081096,0.04049082558325526,,,,,50,20426,2649,2841,0,17133,973,0
2018020714130,16.41248983984586,0.7187765989645816,214.8861470309046,0.03209198947654903,0.0496008346185249,0.08169282409507393,0,0,0,0.030862080790069267,0.008847129826486524,0.03970921061655579,,,,,51,20435,2660,2846,0,17143,957,0
2018020714140,16.32434270554084,0.7149162402973415,215.12019515819514,0.03178922068793506,0.04981520531483119,0.08160442600276625,0,0,0,0.03218874308444973,0.009647478396049564,0.04183622148049929,,,,,51,20466,2631,2809,0,17159,987,0
2018020714150,16.235681114927058,0.7110333512791593,215.35392674124915,0.03357210862764655,0.04932674434419912,0.08289885297184567,0,0,0,0.030060395314787703,0.009242313323572475,0.039302708638360176,,,,,48,20433,2707,2795,0,17164,967,0
2018020714160,16.146507241683626,0.7071280271052,215.5873414949119,0.03222735926026652,0.049836823497416374,0.0820641827576829,0,0,0,0.029663538567177843,0.010002288853284504,0.039665827420462346,,,,,48,20466,2671,2798,0,17170,971,0
2018020714170,16.056823262586864,0.7032003631062691,215.82043916255765,0.03229534946967637,0.050448735382104974,0.08274408485178134,0,0,0,0.030720629978939658,0.009042212251625308,0.03976284223056496,,,,,68,20418,2699,2824,0,17170,945,0
2018020714180,15.96663135736445,0.6992504547424256,216.05321951591185,0.03269903265361733,0.048935010672600934,0.08163404332621826,0,0,0,0.03149894698287702,0.00984342093214907,0.041342367915026094,,,,,61,20422,2698,2815,0,17131,911,0
2018020714190,15.875933708504132,0.6952783975946044,216.28568235493302,0.03353084065472542,0.04908170446548162,0.08261254512020705,0,0,0,0.03081431285913784,0.009386232000183146,0.04020054485932099,,,,,53,20430,2762,2777,0,17136,891,0
2018020714200,15.78473250114352,0.6912842873597895,216.5178275076046,0.03533496732026144,0.04979121278140886,0.0851261801016703,0,0,0,0.03191951526237567,0.009511832628329712,0.041431347890705385,,,,,69,20422,2854,2680,0,17142,897,0
2018020714210,15.693029922901827,0.6872682198436455,216.74965482981887,0.033179012345679014,0.050562817719680464,0.08374183006535948,0,0,0,0.03477127769014471,0.009692979448140274,0.04446425713828498,,,,,56,20435,2796,2730,0,17142,905,0
2018020714220,15.600828163721038,0.6832302909535619,216.9811642051833,0.032367160723608054,0.05043466418503303,0.08280182490864108,0,0,0,0.033432426252000914,0.01015321289732449,0.04358563914932541,,,,,52,20436,2756,2773,0,17135,905,0
2018020714230,15.508129415746138,0.679170596693407,217.2123555448486,0.033184283995732804,0.05052545565971355,0.08370973965544636,0,0,0,0.031234279965244433,0.0098778982027713,0.04111217816801573,,,,,68,20453,2807,2715,0,17135,879,0
2018020714240,15.414935873167122,0.6750892331566094,217.44322878734215,0.03261091569272665,0.05151480767048678,0.08412572336321343,0,0,0,0.03324562407047248,0.011989474888456699,0.04523509895892918,,,,,62,20429,2822,2730,0,17139,883,0
2018020714250,15.321249732060235,0.6709862965192054,217.67378389844347,0.030742354115618476,0.05138851075415192,0.08213086486977039,0,0,0,0.0346248026180287,0.010321074673318534,0.04494587729134723,,,,,61,20428,2756,2827,0,17143,861,0
2018020714260,15.22707319027793,0.6668618830350191,217.90402087093247,0.03182271819996371,0.050013609145345674,0.08183632734530938,0,0,0,0.03092570957322521,0.01051474125489657,0.04144045082812178,,,,,50,20439,2759,2824,1,17147,868,0
2018020714270,15.132408447291397,0.6627160890287664,218.13393972446096,0.03139176193068409,0.04987751769188895,0.08126927962257305,0,0,0,0.0326975476839237,0.009960387424724658,0.04265793510864836,,,,,58,20427,2754,2859,0,17148,842,0
2018020714280,15.037257704047507,0.6585490108897899,218.36354050538927,0.03304154571843251,0.049868468795355586,0.0829100145137881,0,0,0,0.031647163892005774,0.010075797476470723,0.041722961368476495,,,,,57,20435,2819,2782,0,17153,850,0
2018020714290,14.941623162850766,0.6543607450668892,218.59282328656352,0.03257986260684245,0.05123903235314122,0.08381889495998368,0,0,0,0.02867416347937613,0.012573574880333463,0.041247738359709595,,,,,58,20437,2842,2758,0,17158,854,0
2018020714300,14.845507027210664,0.6501513880616355,218.82178816718198,0.0323670074117727,0.05063578050273125,0.08300278791450395,0,0,0,0.03198040427626308,0.01050752008790605,0.04248792436416913,,,,,59,20433,2850,2778,0,17175,824,0
2018020714310,14.748911501717277,0.6459210364229236,219.0504352725947,0.03361649110884585,0.0509004417261298,0.08451693283497565,0,0,0,0.031946321020450225,0.010396867199487026,0.04234318821993725,,,,,64,20428,2908,2725,0,17187,833,0
2018020714320,14.651838791915338,0.6416697867414574,219.27876475410943,0.032583556301301525,0.05117681737789669,0.08376037367919822,0,0,0,0.032601478971588174,0.011126628356876302,0.04372810732846448,,,,,57,20449,2905,2738,0,17152,801,0
2018020714330,14.554291104172867,0.6373977356439957,219.50677678881476,0.03248328233027315,0.05186444520004534,0.0843477275303185,0,0,0,0.030210719193770042,0.011497938616582685,0.041708657810352726,,,,,72,20434,2907,2739,0,17158,805,0
2018020714340,14.45627064553384,0.6331049797869008,219.73447157944233,0.030850314636861356,0.05345419023603444,0.0843045048728958,0,0,0,0.032528519723278505,0.013400833829660513,0.04592935355293902,,,,,60,20432,2937,2701,0,17113,776,0
2018020714350,14.357779623626007,0.6287916158521011,219.96184935410312,0.029987051046139166,0.0562030032485972,0.08619005429473636,0,0,0,0.03399504859710251,0.016871446909957823,0.050866495507060336,,,,,52,20440,3015,2623,0,17113,776,0
2018020714360,14.258820246517612,0.6244577405408159,220.188910366147,0.030426884650317895,0.05812897366030881,0.0885558583106267,0,0,0,0.03412374443883869,0.01878181901573178,0.05290556345457047,,,,,44,20435,3159,2523,0,17122,757,0
2018020714370,14.159394722592145,0.620103450568071,220.41565489398278,0.029178019981834696,0.06033151680290645,0.08950953678474115,0,0,0,0.03296350632679259,0.020470383275261322,0.05343388960205391,,,,,63,20432,3181,2485,5,17117,757,0
2018020714380,14.059505260433403,0.6157288426576641,220.64208324087699,0.031976216412490925,0.059095860566448805,0.09107207697893974,0,0,0,0.03353364833249232,0.020551401440433048,0.054085049772925366,,,,,75,20425,3249,2439,21,17125,730,0
2018020714390,13.959154068717293,0.6113340135374272,220.86819573474722,0.03171938104097654,0.059332032490810906,0.09105141353178745,0,0,0,0.03336157351223868,0.020539005793052918,0.0539005793052916,,,,,65,20434,3259,2429,18,17134,735,0
2018020714400,13.858343356064816,0.6069190599327874,221.09399272801298,0.030963614916976683,0.05988567280646039,0.09084928772343707,0,0,0,0.0357576451723743,0.01720306952239148,0.05296071469476578,,,,,67,20432,3216,2472,47,17109,741,0
2018020714410,13.757075330967472,0.6024840785635003,221.31947459737066,0.03327737954813538,0.057004809000998094,0.09028218854913347,0,0,0,0.03645606723304862,0.014403810483409283,0.0508598777164579,,,,,75,20426,3127,2559,110,17046,741,0
2018020714420,13.655352201649071,0.5980291661375986,221.544641743607,0.036998365716361,0.053068821499909206,0.0900671872162702,0,0,0,0.03668674284929123,0.009251837772230747,0.04593858062152198,,,,,83,20418,3131,2582,112,17017,713,0
2018020714430,13.553176175933958,0.5935544193456203,221.76949459145393,0.0337425401075586,0.052463182736163745,0.08620572284372235,0,0,0,0.03232827750538423,0.009256289236127022,0.04158456674151125,,,,,78,20420,3065,2653,11,17125,717,0
2018020714440,13.450549461190631,0.5890599348581399,221.99403358932764,0.0337425401075586,0.053121241689169256,0.08686378179672785,0,0,0,0.033049333516559025,0.009642251843708488,0.042691585360267514,,,,,71,20393,3132,2648,0,17136,689,0
2018020714450,13.347474264184132,0.5845458093193039,222.21825920917394,0.03295232911507234,0.05415702816709756,0.0871093572821699,0,0,0,0.03427955608548106,0.009446941208841602,0.043726497294322667,,,,,74,20421,3156,2625,0,17147,671,0
2018020714460,13.243952790966782,0.5800121393420453,222.44217194628237,0.03383680319317821,0.05368077289427133,0.08751757608744953,0,0,0,0.03133674382326627,0.011194971439058522,0.04253171526232479,,,,,87,20410,3133,2617,0,17147,700,0
2018020714470,13.139987246797707,0.57545902150456,222.6657723190901,0.033388489697848904,0.054491465874832834,0.08787995557268174,0,0,0,0.032559099351110905,0.010868319079173641,0.043427418430284546,,,,,72,20425,3188,2588,0,17171,673,0
2018020714480,13.035579836030326,0.5708865523453783,222.8890608689609,0.03288087198894151,0.055337759749824376,0.08821863173876589,0,0,0,0.03306259177679882,0.013169970631424376,0.046232562408223196,,,,,86,20407,3198,2584,0,17175,679,0
2018020714490,12.930732761989635,0.5662948283579919,223.1120381600383,0.032518298624487296,0.05445398717396723,0.08697228579845453,0,0,0,0.02986920768719793,0.01367478296722175,0.043543990654419676,,,,,69,20424,3195,2614,0,17175,652,0
2018020714500,12.825448226913144,0.5616839459882663,223.3347047790158,0.033972776481779265,0.054243199782574233,0.0882159762643535,0,0,0,0.02945690267311084,0.013926747142497194,0.043383649815608036,,,,,78,20420,3227,2583,0,17187,658,0
2018020714510,12.719728431827589,0.5570540016290415,223.557061334949,0.03261929049076278,0.05601269409497903,0.08863198458574181,0,0,0,0.0327538422776518,0.014452919214823976,0.04720676149247578,,,,,71,20427,3248,2560,0,17154,655,0
2018020714520,12.613575576431613,0.5524050916149948,223.77910845910785,0.03556613396803808,0.05496996486455854,0.09053609883259661,0,0,0,0.033244741786188886,0.013655317783989368,0.04690005957017825,,,,,85,20415,3320,2486,0,17154,655,0
2018020714530,12.506991859057013,0.5477373122209431,224.00084680471545,0.031962018127711773,0.05549624043070353,0.0874582585584153,0,0,0,0.033649441084845154,0.014339380612057907,0.047988821696903064,,,,,72,20400,3235,2599,0,17113,602,0
2018020714540,12.399979476535382,0.5430507596560022,224.22227704679256,0.03343858612934736,0.05476931464528293,0.08820790077463028,0,0,0,0.029884267216683854,0.014117107826286238,0.044001375042970095,,,,,99,20405,3249,2553,0,17113,602,0
2018020714550,12.29254062410684,0.5383455300595908,224.44339988197189,0.03304659660909235,0.05506252978960031,0.08810912639869266,0,0,0,0.028234215652572475,0.01510255528818609,0.043336770940758565,,,,,93,20407,3282,2565,0,17137,575,0
2018020714560,12.184677495344255,0.5336217194981107,224.6642160282982,0.03250187248916226,0.05397308154974012,0.08647495403890237,0,0,0,0.028309894698203674,0.014017297942141366,0.04232719264034504,,,,,94,20406,3216,2631,0,17137,575,0
2018020714570,12.076392282078096,0.5288794239616563,224.88472622501794,0.033001202932431514,0.054154656256383486,0.087155859188815,0,0,0,0.03066330043607987,0.011452834519164562,0.04211613495524443,,,,,103,20401,3240,2603,0,17137,575,0
